mtllib wolf_gentleman.mtl
o Shoe_L
usemtl fur_dark
v -0.310000 -0.020000 0.380000
v -0.310000 -0.020000 0.380000
v -0.310000 -0.020000 0.380000
v -0.310000 -0.020000 0.380000
v -0.310000 -0.020000 0.380000
v -0.310000 -0.020000 0.380000
v -0.310000 -0.020000 0.380000
v -0.310000 -0.020000 0.380000
v -0.310000 -0.020000 0.380000
v -0.310000 -0.020000 0.380000
v -0.310000 -0.020000 0.380000
v -0.310000 -0.020000 0.380000
v -0.310000 -0.020000 0.380000
v -0.310000 -0.020000 0.380000
v -0.310000 -0.020000 0.380000
v -0.310000 -0.020000 0.380000
v -0.198754 -0.020000 0.371190
v -0.207222 0.026120 0.371190
v -0.231337 0.065218 0.371190
v -0.267428 0.091343 0.371190
v -0.310000 0.100517 0.371190
v -0.352572 0.091343 0.371190
v -0.388663 0.065218 0.371190
v -0.412778 0.026120 0.371190
v -0.421246 -0.020000 0.371190
v -0.412778 -0.066120 0.371190
v -0.388663 -0.105218 0.371190
v -0.352572 -0.131343 0.371190
v -0.310000 -0.140517 0.371190
v -0.267428 -0.131343 0.371190
v -0.231337 -0.105218 0.371190
v -0.207222 -0.066120 0.371190
v -0.098397 -0.020000 0.345623
v -0.114505 0.067725 0.345623
v -0.160374 0.142095 0.345623
v -0.229023 0.191787 0.345623
v -0.310000 0.209236 0.345623
v -0.390977 0.191787 0.345623
v -0.459626 0.142095 0.345623
v -0.505495 0.067725 0.345623
v -0.521603 -0.020000 0.345623
v -0.505495 -0.107725 0.345623
v -0.459626 -0.182095 0.345623
v -0.390977 -0.231787 0.345623
v -0.310000 -0.249236 0.345623
v -0.229023 -0.231787 0.345623
v -0.160374 -0.182095 0.345623
v -0.114505 -0.107725 0.345623
v -0.018754 -0.020000 0.305801
v -0.040924 0.100743 0.305801
v -0.104058 0.203104 0.305801
v -0.198545 0.271499 0.305801
v -0.310000 0.295517 0.305801
v -0.421455 0.271499 0.305801
v -0.515942 0.203104 0.305801
v -0.579076 0.100743 0.305801
v -0.601246 -0.020000 0.305801
v -0.579076 -0.140743 0.305801
v -0.515942 -0.243104 0.305801
v -0.421455 -0.311499 0.305801
v -0.310000 -0.335517 0.305801
v -0.198545 -0.311499 0.305801
v -0.104058 -0.243104 0.305801
v -0.040924 -0.140743 0.305801
v 0.032380 -0.020000 0.255623
v 0.006318 0.121942 0.255623
v -0.067901 0.242274 0.255623
v -0.178977 0.322678 0.255623
v -0.310000 0.350912 0.255623
v -0.441023 0.322678 0.255623
v -0.552099 0.242274 0.255623
v -0.626318 0.121942 0.255623
v -0.652380 -0.020000 0.255623
v -0.626318 -0.161942 0.255623
v -0.552099 -0.282274 0.255623
v -0.441023 -0.362678 0.255623
v -0.310000 -0.390912 0.255623
v -0.178977 -0.362678 0.255623
v -0.067901 -0.282274 0.255623
v 0.006318 -0.161942 0.255623
v 0.050000 -0.020000 0.200000
v 0.022597 0.129247 0.200000
v -0.055442 0.255772 0.200000
v -0.172234 0.340313 0.200000
v -0.310000 0.370000 0.200000
v -0.447766 0.340313 0.200000
v -0.564558 0.255772 0.200000
v -0.642597 0.129247 0.200000
v -0.670000 -0.020000 0.200000
v -0.642597 -0.169247 0.200000
v -0.564558 -0.295772 0.200000
v -0.447766 -0.380313 0.200000
v -0.310000 -0.410000 0.200000
v -0.172234 -0.380313 0.200000
v -0.055442 -0.295772 0.200000
v 0.022597 -0.169247 0.200000
v 0.032380 -0.020000 0.144377
v 0.006318 0.121942 0.144377
v -0.067901 0.242274 0.144377
v -0.178977 0.322678 0.144377
v -0.310000 0.350912 0.144377
v -0.441023 0.322678 0.144377
v -0.552099 0.242274 0.144377
v -0.626318 0.121942 0.144377
v -0.652380 -0.020000 0.144377
v -0.626318 -0.161942 0.144377
v -0.552099 -0.282274 0.144377
v -0.441023 -0.362678 0.144377
v -0.310000 -0.390912 0.144377
v -0.178977 -0.362678 0.144377
v -0.067901 -0.282274 0.144377
v 0.006318 -0.161942 0.144377
v -0.018754 -0.020000 0.094199
v -0.040924 0.100743 0.094199
v -0.104058 0.203104 0.094199
v -0.198545 0.271499 0.094199
v -0.310000 0.295517 0.094199
v -0.421455 0.271499 0.094199
v -0.515942 0.203104 0.094199
v -0.579076 0.100743 0.094199
v -0.601246 -0.020000 0.094199
v -0.579076 -0.140743 0.094199
v -0.515942 -0.243104 0.094199
v -0.421455 -0.311499 0.094199
v -0.310000 -0.335517 0.094199
v -0.198545 -0.311499 0.094199
v -0.104058 -0.243104 0.094199
v -0.040924 -0.140743 0.094199
v -0.098397 -0.020000 0.054377
v -0.114505 0.067725 0.054377
v -0.160374 0.142095 0.054377
v -0.229023 0.191787 0.054377
v -0.310000 0.209236 0.054377
v -0.390977 0.191787 0.054377
v -0.459626 0.142095 0.054377
v -0.505495 0.067725 0.054377
v -0.521603 -0.020000 0.054377
v -0.505495 -0.107725 0.054377
v -0.459626 -0.182095 0.054377
v -0.390977 -0.231787 0.054377
v -0.310000 -0.249236 0.054377
v -0.229023 -0.231787 0.054377
v -0.160374 -0.182095 0.054377
v -0.114505 -0.107725 0.054377
v -0.198754 -0.020000 0.028810
v -0.207222 0.026120 0.028810
v -0.231337 0.065218 0.028810
v -0.267428 0.091343 0.028810
v -0.310000 0.100517 0.028810
v -0.352572 0.091343 0.028810
v -0.388663 0.065218 0.028810
v -0.412778 0.026120 0.028810
v -0.421246 -0.020000 0.028810
v -0.412778 -0.066120 0.028810
v -0.388663 -0.105218 0.028810
v -0.352572 -0.131343 0.028810
v -0.310000 -0.140517 0.028810
v -0.267428 -0.131343 0.028810
v -0.231337 -0.105218 0.028810
v -0.207222 -0.066120 0.028810
v -0.310000 -0.020000 0.020000
v -0.310000 -0.020000 0.020000
v -0.310000 -0.020000 0.020000
v -0.310000 -0.020000 0.020000
v -0.310000 -0.020000 0.020000
v -0.310000 -0.020000 0.020000
v -0.310000 -0.020000 0.020000
v -0.310000 -0.020000 0.020000
v -0.310000 -0.020000 0.020000
v -0.310000 -0.020000 0.020000
v -0.310000 -0.020000 0.020000
v -0.310000 -0.020000 0.020000
v -0.310000 -0.020000 0.020000
v -0.310000 -0.020000 0.020000
v -0.310000 -0.020000 0.020000
v -0.310000 -0.020000 0.020000
f 1 2 18
f 1 18 17
f 2 3 19
f 2 19 18
f 3 4 20
f 3 20 19
f 4 5 21
f 4 21 20
f 5 6 22
f 5 22 21
f 6 7 23
f 6 23 22
f 7 8 24
f 7 24 23
f 8 9 25
f 8 25 24
f 9 10 26
f 9 26 25
f 10 11 27
f 10 27 26
f 11 12 28
f 11 28 27
f 12 13 29
f 12 29 28
f 13 14 30
f 13 30 29
f 14 15 31
f 14 31 30
f 15 16 32
f 15 32 31
f 16 1 17
f 16 17 32
f 17 18 34
f 17 34 33
f 18 19 35
f 18 35 34
f 19 20 36
f 19 36 35
f 20 21 37
f 20 37 36
f 21 22 38
f 21 38 37
f 22 23 39
f 22 39 38
f 23 24 40
f 23 40 39
f 24 25 41
f 24 41 40
f 25 26 42
f 25 42 41
f 26 27 43
f 26 43 42
f 27 28 44
f 27 44 43
f 28 29 45
f 28 45 44
f 29 30 46
f 29 46 45
f 30 31 47
f 30 47 46
f 31 32 48
f 31 48 47
f 32 17 33
f 32 33 48
f 33 34 50
f 33 50 49
f 34 35 51
f 34 51 50
f 35 36 52
f 35 52 51
f 36 37 53
f 36 53 52
f 37 38 54
f 37 54 53
f 38 39 55
f 38 55 54
f 39 40 56
f 39 56 55
f 40 41 57
f 40 57 56
f 41 42 58
f 41 58 57
f 42 43 59
f 42 59 58
f 43 44 60
f 43 60 59
f 44 45 61
f 44 61 60
f 45 46 62
f 45 62 61
f 46 47 63
f 46 63 62
f 47 48 64
f 47 64 63
f 48 33 49
f 48 49 64
f 49 50 66
f 49 66 65
f 50 51 67
f 50 67 66
f 51 52 68
f 51 68 67
f 52 53 69
f 52 69 68
f 53 54 70
f 53 70 69
f 54 55 71
f 54 71 70
f 55 56 72
f 55 72 71
f 56 57 73
f 56 73 72
f 57 58 74
f 57 74 73
f 58 59 75
f 58 75 74
f 59 60 76
f 59 76 75
f 60 61 77
f 60 77 76
f 61 62 78
f 61 78 77
f 62 63 79
f 62 79 78
f 63 64 80
f 63 80 79
f 64 49 65
f 64 65 80
f 65 66 82
f 65 82 81
f 66 67 83
f 66 83 82
f 67 68 84
f 67 84 83
f 68 69 85
f 68 85 84
f 69 70 86
f 69 86 85
f 70 71 87
f 70 87 86
f 71 72 88
f 71 88 87
f 72 73 89
f 72 89 88
f 73 74 90
f 73 90 89
f 74 75 91
f 74 91 90
f 75 76 92
f 75 92 91
f 76 77 93
f 76 93 92
f 77 78 94
f 77 94 93
f 78 79 95
f 78 95 94
f 79 80 96
f 79 96 95
f 80 65 81
f 80 81 96
f 81 82 98
f 81 98 97
f 82 83 99
f 82 99 98
f 83 84 100
f 83 100 99
f 84 85 101
f 84 101 100
f 85 86 102
f 85 102 101
f 86 87 103
f 86 103 102
f 87 88 104
f 87 104 103
f 88 89 105
f 88 105 104
f 89 90 106
f 89 106 105
f 90 91 107
f 90 107 106
f 91 92 108
f 91 108 107
f 92 93 109
f 92 109 108
f 93 94 110
f 93 110 109
f 94 95 111
f 94 111 110
f 95 96 112
f 95 112 111
f 96 81 97
f 96 97 112
f 97 98 114
f 97 114 113
f 98 99 115
f 98 115 114
f 99 100 116
f 99 116 115
f 100 101 117
f 100 117 116
f 101 102 118
f 101 118 117
f 102 103 119
f 102 119 118
f 103 104 120
f 103 120 119
f 104 105 121
f 104 121 120
f 105 106 122
f 105 122 121
f 106 107 123
f 106 123 122
f 107 108 124
f 107 124 123
f 108 109 125
f 108 125 124
f 109 110 126
f 109 126 125
f 110 111 127
f 110 127 126
f 111 112 128
f 111 128 127
f 112 97 113
f 112 113 128
f 113 114 130
f 113 130 129
f 114 115 131
f 114 131 130
f 115 116 132
f 115 132 131
f 116 117 133
f 116 133 132
f 117 118 134
f 117 134 133
f 118 119 135
f 118 135 134
f 119 120 136
f 119 136 135
f 120 121 137
f 120 137 136
f 121 122 138
f 121 138 137
f 122 123 139
f 122 139 138
f 123 124 140
f 123 140 139
f 124 125 141
f 124 141 140
f 125 126 142
f 125 142 141
f 126 127 143
f 126 143 142
f 127 128 144
f 127 144 143
f 128 113 129
f 128 129 144
f 129 130 146
f 129 146 145
f 130 131 147
f 130 147 146
f 131 132 148
f 131 148 147
f 132 133 149
f 132 149 148
f 133 134 150
f 133 150 149
f 134 135 151
f 134 151 150
f 135 136 152
f 135 152 151
f 136 137 153
f 136 153 152
f 137 138 154
f 137 154 153
f 138 139 155
f 138 155 154
f 139 140 156
f 139 156 155
f 140 141 157
f 140 157 156
f 141 142 158
f 141 158 157
f 142 143 159
f 142 159 158
f 143 144 160
f 143 160 159
f 144 129 145
f 144 145 160
f 145 146 162
f 145 162 161
f 146 147 163
f 146 163 162
f 147 148 164
f 147 164 163
f 148 149 165
f 148 165 164
f 149 150 166
f 149 166 165
f 150 151 167
f 150 167 166
f 151 152 168
f 151 168 167
f 152 153 169
f 152 169 168
f 153 154 170
f 153 170 169
f 154 155 171
f 154 171 170
f 155 156 172
f 155 172 171
f 156 157 173
f 156 173 172
f 157 158 174
f 157 174 173
f 158 159 175
f 158 175 174
f 159 160 176
f 159 176 175
f 160 145 161
f 160 161 176
o Shoe_R
usemtl fur_dark
v 0.310000 -0.020000 0.380000
v 0.310000 -0.020000 0.380000
v 0.310000 -0.020000 0.380000
v 0.310000 -0.020000 0.380000
v 0.310000 -0.020000 0.380000
v 0.310000 -0.020000 0.380000
v 0.310000 -0.020000 0.380000
v 0.310000 -0.020000 0.380000
v 0.310000 -0.020000 0.380000
v 0.310000 -0.020000 0.380000
v 0.310000 -0.020000 0.380000
v 0.310000 -0.020000 0.380000
v 0.310000 -0.020000 0.380000
v 0.310000 -0.020000 0.380000
v 0.310000 -0.020000 0.380000
v 0.310000 -0.020000 0.380000
v 0.421246 -0.020000 0.371190
v 0.412778 0.026120 0.371190
v 0.388663 0.065218 0.371190
v 0.352572 0.091343 0.371190
v 0.310000 0.100517 0.371190
v 0.267428 0.091343 0.371190
v 0.231337 0.065218 0.371190
v 0.207222 0.026120 0.371190
v 0.198754 -0.020000 0.371190
v 0.207222 -0.066120 0.371190
v 0.231337 -0.105218 0.371190
v 0.267428 -0.131343 0.371190
v 0.310000 -0.140517 0.371190
v 0.352572 -0.131343 0.371190
v 0.388663 -0.105218 0.371190
v 0.412778 -0.066120 0.371190
v 0.521603 -0.020000 0.345623
v 0.505495 0.067725 0.345623
v 0.459626 0.142095 0.345623
v 0.390977 0.191787 0.345623
v 0.310000 0.209236 0.345623
v 0.229023 0.191787 0.345623
v 0.160374 0.142095 0.345623
v 0.114505 0.067725 0.345623
v 0.098397 -0.020000 0.345623
v 0.114505 -0.107725 0.345623
v 0.160374 -0.182095 0.345623
v 0.229023 -0.231787 0.345623
v 0.310000 -0.249236 0.345623
v 0.390977 -0.231787 0.345623
v 0.459626 -0.182095 0.345623
v 0.505495 -0.107725 0.345623
v 0.601246 -0.020000 0.305801
v 0.579076 0.100743 0.305801
v 0.515942 0.203104 0.305801
v 0.421455 0.271499 0.305801
v 0.310000 0.295517 0.305801
v 0.198545 0.271499 0.305801
v 0.104058 0.203104 0.305801
v 0.040924 0.100743 0.305801
v 0.018754 -0.020000 0.305801
v 0.040924 -0.140743 0.305801
v 0.104058 -0.243104 0.305801
v 0.198545 -0.311499 0.305801
v 0.310000 -0.335517 0.305801
v 0.421455 -0.311499 0.305801
v 0.515942 -0.243104 0.305801
v 0.579076 -0.140743 0.305801
v 0.652380 -0.020000 0.255623
v 0.626318 0.121942 0.255623
v 0.552099 0.242274 0.255623
v 0.441023 0.322678 0.255623
v 0.310000 0.350912 0.255623
v 0.178977 0.322678 0.255623
v 0.067901 0.242274 0.255623
v -0.006318 0.121942 0.255623
v -0.032380 -0.020000 0.255623
v -0.006318 -0.161942 0.255623
v 0.067901 -0.282274 0.255623
v 0.178977 -0.362678 0.255623
v 0.310000 -0.390912 0.255623
v 0.441023 -0.362678 0.255623
v 0.552099 -0.282274 0.255623
v 0.626318 -0.161942 0.255623
v 0.670000 -0.020000 0.200000
v 0.642597 0.129247 0.200000
v 0.564558 0.255772 0.200000
v 0.447766 0.340313 0.200000
v 0.310000 0.370000 0.200000
v 0.172234 0.340313 0.200000
v 0.055442 0.255772 0.200000
v -0.022597 0.129247 0.200000
v -0.050000 -0.020000 0.200000
v -0.022597 -0.169247 0.200000
v 0.055442 -0.295772 0.200000
v 0.172234 -0.380313 0.200000
v 0.310000 -0.410000 0.200000
v 0.447766 -0.380313 0.200000
v 0.564558 -0.295772 0.200000
v 0.642597 -0.169247 0.200000
v 0.652380 -0.020000 0.144377
v 0.626318 0.121942 0.144377
v 0.552099 0.242274 0.144377
v 0.441023 0.322678 0.144377
v 0.310000 0.350912 0.144377
v 0.178977 0.322678 0.144377
v 0.067901 0.242274 0.144377
v -0.006318 0.121942 0.144377
v -0.032380 -0.020000 0.144377
v -0.006318 -0.161942 0.144377
v 0.067901 -0.282274 0.144377
v 0.178977 -0.362678 0.144377
v 0.310000 -0.390912 0.144377
v 0.441023 -0.362678 0.144377
v 0.552099 -0.282274 0.144377
v 0.626318 -0.161942 0.144377
v 0.601246 -0.020000 0.094199
v 0.579076 0.100743 0.094199
v 0.515942 0.203104 0.094199
v 0.421455 0.271499 0.094199
v 0.310000 0.295517 0.094199
v 0.198545 0.271499 0.094199
v 0.104058 0.203104 0.094199
v 0.040924 0.100743 0.094199
v 0.018754 -0.020000 0.094199
v 0.040924 -0.140743 0.094199
v 0.104058 -0.243104 0.094199
v 0.198545 -0.311499 0.094199
v 0.310000 -0.335517 0.094199
v 0.421455 -0.311499 0.094199
v 0.515942 -0.243104 0.094199
v 0.579076 -0.140743 0.094199
v 0.521603 -0.020000 0.054377
v 0.505495 0.067725 0.054377
v 0.459626 0.142095 0.054377
v 0.390977 0.191787 0.054377
v 0.310000 0.209236 0.054377
v 0.229023 0.191787 0.054377
v 0.160374 0.142095 0.054377
v 0.114505 0.067725 0.054377
v 0.098397 -0.020000 0.054377
v 0.114505 -0.107725 0.054377
v 0.160374 -0.182095 0.054377
v 0.229023 -0.231787 0.054377
v 0.310000 -0.249236 0.054377
v 0.390977 -0.231787 0.054377
v 0.459626 -0.182095 0.054377
v 0.505495 -0.107725 0.054377
v 0.421246 -0.020000 0.028810
v 0.412778 0.026120 0.028810
v 0.388663 0.065218 0.028810
v 0.352572 0.091343 0.028810
v 0.310000 0.100517 0.028810
v 0.267428 0.091343 0.028810
v 0.231337 0.065218 0.028810
v 0.207222 0.026120 0.028810
v 0.198754 -0.020000 0.028810
v 0.207222 -0.066120 0.028810
v 0.231337 -0.105218 0.028810
v 0.267428 -0.131343 0.028810
v 0.310000 -0.140517 0.028810
v 0.352572 -0.131343 0.028810
v 0.388663 -0.105218 0.028810
v 0.412778 -0.066120 0.028810
v 0.310000 -0.020000 0.020000
v 0.310000 -0.020000 0.020000
v 0.310000 -0.020000 0.020000
v 0.310000 -0.020000 0.020000
v 0.310000 -0.020000 0.020000
v 0.310000 -0.020000 0.020000
v 0.310000 -0.020000 0.020000
v 0.310000 -0.020000 0.020000
v 0.310000 -0.020000 0.020000
v 0.310000 -0.020000 0.020000
v 0.310000 -0.020000 0.020000
v 0.310000 -0.020000 0.020000
v 0.310000 -0.020000 0.020000
v 0.310000 -0.020000 0.020000
v 0.310000 -0.020000 0.020000
v 0.310000 -0.020000 0.020000
f 177 178 194
f 177 194 193
f 178 179 195
f 178 195 194
f 179 180 196
f 179 196 195
f 180 181 197
f 180 197 196
f 181 182 198
f 181 198 197
f 182 183 199
f 182 199 198
f 183 184 200
f 183 200 199
f 184 185 201
f 184 201 200
f 185 186 202
f 185 202 201
f 186 187 203
f 186 203 202
f 187 188 204
f 187 204 203
f 188 189 205
f 188 205 204
f 189 190 206
f 189 206 205
f 190 191 207
f 190 207 206
f 191 192 208
f 191 208 207
f 192 177 193
f 192 193 208
f 193 194 210
f 193 210 209
f 194 195 211
f 194 211 210
f 195 196 212
f 195 212 211
f 196 197 213
f 196 213 212
f 197 198 214
f 197 214 213
f 198 199 215
f 198 215 214
f 199 200 216
f 199 216 215
f 200 201 217
f 200 217 216
f 201 202 218
f 201 218 217
f 202 203 219
f 202 219 218
f 203 204 220
f 203 220 219
f 204 205 221
f 204 221 220
f 205 206 222
f 205 222 221
f 206 207 223
f 206 223 222
f 207 208 224
f 207 224 223
f 208 193 209
f 208 209 224
f 209 210 226
f 209 226 225
f 210 211 227
f 210 227 226
f 211 212 228
f 211 228 227
f 212 213 229
f 212 229 228
f 213 214 230
f 213 230 229
f 214 215 231
f 214 231 230
f 215 216 232
f 215 232 231
f 216 217 233
f 216 233 232
f 217 218 234
f 217 234 233
f 218 219 235
f 218 235 234
f 219 220 236
f 219 236 235
f 220 221 237
f 220 237 236
f 221 222 238
f 221 238 237
f 222 223 239
f 222 239 238
f 223 224 240
f 223 240 239
f 224 209 225
f 224 225 240
f 225 226 242
f 225 242 241
f 226 227 243
f 226 243 242
f 227 228 244
f 227 244 243
f 228 229 245
f 228 245 244
f 229 230 246
f 229 246 245
f 230 231 247
f 230 247 246
f 231 232 248
f 231 248 247
f 232 233 249
f 232 249 248
f 233 234 250
f 233 250 249
f 234 235 251
f 234 251 250
f 235 236 252
f 235 252 251
f 236 237 253
f 236 253 252
f 237 238 254
f 237 254 253
f 238 239 255
f 238 255 254
f 239 240 256
f 239 256 255
f 240 225 241
f 240 241 256
f 241 242 258
f 241 258 257
f 242 243 259
f 242 259 258
f 243 244 260
f 243 260 259
f 244 245 261
f 244 261 260
f 245 246 262
f 245 262 261
f 246 247 263
f 246 263 262
f 247 248 264
f 247 264 263
f 248 249 265
f 248 265 264
f 249 250 266
f 249 266 265
f 250 251 267
f 250 267 266
f 251 252 268
f 251 268 267
f 252 253 269
f 252 269 268
f 253 254 270
f 253 270 269
f 254 255 271
f 254 271 270
f 255 256 272
f 255 272 271
f 256 241 257
f 256 257 272
f 257 258 274
f 257 274 273
f 258 259 275
f 258 275 274
f 259 260 276
f 259 276 275
f 260 261 277
f 260 277 276
f 261 262 278
f 261 278 277
f 262 263 279
f 262 279 278
f 263 264 280
f 263 280 279
f 264 265 281
f 264 281 280
f 265 266 282
f 265 282 281
f 266 267 283
f 266 283 282
f 267 268 284
f 267 284 283
f 268 269 285
f 268 285 284
f 269 270 286
f 269 286 285
f 270 271 287
f 270 287 286
f 271 272 288
f 271 288 287
f 272 257 273
f 272 273 288
f 273 274 290
f 273 290 289
f 274 275 291
f 274 291 290
f 275 276 292
f 275 292 291
f 276 277 293
f 276 293 292
f 277 278 294
f 277 294 293
f 278 279 295
f 278 295 294
f 279 280 296
f 279 296 295
f 280 281 297
f 280 297 296
f 281 282 298
f 281 298 297
f 282 283 299
f 282 299 298
f 283 284 300
f 283 300 299
f 284 285 301
f 284 301 300
f 285 286 302
f 285 302 301
f 286 287 303
f 286 303 302
f 287 288 304
f 287 304 303
f 288 273 289
f 288 289 304
f 289 290 306
f 289 306 305
f 290 291 307
f 290 307 306
f 291 292 308
f 291 308 307
f 292 293 309
f 292 309 308
f 293 294 310
f 293 310 309
f 294 295 311
f 294 311 310
f 295 296 312
f 295 312 311
f 296 297 313
f 296 313 312
f 297 298 314
f 297 314 313
f 298 299 315
f 298 315 314
f 299 300 316
f 299 316 315
f 300 301 317
f 300 317 316
f 301 302 318
f 301 318 317
f 302 303 319
f 302 319 318
f 303 304 320
f 303 320 319
f 304 289 305
f 304 305 320
f 305 306 322
f 305 322 321
f 306 307 323
f 306 323 322
f 307 308 324
f 307 324 323
f 308 309 325
f 308 325 324
f 309 310 326
f 309 326 325
f 310 311 327
f 310 327 326
f 311 312 328
f 311 328 327
f 312 313 329
f 312 329 328
f 313 314 330
f 313 330 329
f 314 315 331
f 314 331 330
f 315 316 332
f 315 332 331
f 316 317 333
f 316 333 332
f 317 318 334
f 317 334 333
f 318 319 335
f 318 335 334
f 319 320 336
f 319 336 335
f 320 305 321
f 320 321 336
f 321 322 338
f 321 338 337
f 322 323 339
f 322 339 338
f 323 324 340
f 323 340 339
f 324 325 341
f 324 341 340
f 325 326 342
f 325 342 341
f 326 327 343
f 326 343 342
f 327 328 344
f 327 344 343
f 328 329 345
f 328 345 344
f 329 330 346
f 329 346 345
f 330 331 347
f 330 347 346
f 331 332 348
f 331 348 347
f 332 333 349
f 332 349 348
f 333 334 350
f 333 350 349
f 334 335 351
f 334 351 350
f 335 336 352
f 335 352 351
f 336 321 337
f 336 337 352
o Leg_L
usemtl suit
v -0.490000 -0.270000 0.280000
v -0.120000 -0.270000 0.280000
v -0.130000 -0.270000 1.180000
v -0.460000 -0.270000 1.180000
v -0.490000 0.280000 0.280000
v -0.120000 0.280000 0.280000
v -0.130000 0.280000 1.180000
v -0.460000 0.280000 1.180000
f 356 353 354
f 354 355 356
f 358 357 360
f 360 359 358
f 353 357 358
f 353 358 354
f 354 358 359
f 354 359 355
f 355 359 360
f 355 360 356
f 356 360 357
f 356 357 353
o Leg_R
usemtl suit
v 0.120000 -0.270000 0.280000
v 0.490000 -0.270000 0.280000
v 0.460000 -0.270000 1.180000
v 0.130000 -0.270000 1.180000
v 0.120000 0.280000 0.280000
v 0.490000 0.280000 0.280000
v 0.460000 0.280000 1.180000
v 0.130000 0.280000 1.180000
f 364 361 362
f 362 363 364
f 366 365 368
f 368 367 366
f 361 365 366
f 361 366 362
f 362 366 367
f 362 367 363
f 363 367 368
f 363 368 364
f 364 368 365
f 364 365 361
o Suit_Body
usemtl suit
v -0.720000 -0.420000 2.150000
v -0.820000 -0.420000 1.880000
v -0.680000 -0.420000 1.120000
v -0.420000 -0.420000 0.920000
v 0.000000 -0.420000 0.840000
v 0.420000 -0.420000 0.920000
v 0.680000 -0.420000 1.120000
v 0.820000 -0.420000 1.880000
v 0.720000 -0.420000 2.150000
v 0.380000 -0.420000 2.340000
v -0.380000 -0.420000 2.340000
v -0.720000 0.420000 2.150000
v -0.820000 0.420000 1.880000
v -0.680000 0.420000 1.120000
v -0.420000 0.420000 0.920000
v 0.000000 0.420000 0.840000
v 0.420000 0.420000 0.920000
v 0.680000 0.420000 1.120000
v 0.820000 0.420000 1.880000
v 0.720000 0.420000 2.150000
v 0.380000 0.420000 2.340000
v -0.380000 0.420000 2.340000
f 379 369 370
f 379 370 371
f 379 371 372
f 379 372 373
f 379 373 374
f 379 374 375
f 379 375 376
f 379 376 377
f 377 378 379
f 381 380 390
f 382 381 390
f 383 382 390
f 384 383 390
f 385 384 390
f 386 385 390
f 387 386 390
f 388 387 390
f 390 389 388
f 369 380 381
f 369 381 370
f 370 381 382
f 370 382 371
f 371 382 383
f 371 383 372
f 372 383 384
f 372 384 373
f 373 384 385
f 373 385 374
f 374 385 386
f 374 386 375
f 375 386 387
f 375 387 376
f 376 387 388
f 376 388 377
f 377 388 389
f 377 389 378
f 378 389 390
f 378 390 379
f 379 390 380
f 379 380 369
o Shirt
usemtl shirt
v -0.270000 -0.505000 1.720000
v 0.000000 -0.505000 1.550000
v 0.270000 -0.505000 1.720000
v 0.320000 -0.505000 2.220000
v -0.320000 -0.505000 2.220000
v -0.270000 -0.430000 1.720000
v 0.000000 -0.430000 1.550000
v 0.270000 -0.430000 1.720000
v 0.320000 -0.430000 2.220000
v -0.320000 -0.430000 2.220000
f 395 391 392
f 395 392 393
f 393 394 395
f 397 396 400
f 398 397 400
f 400 399 398
f 391 396 397
f 391 397 392
f 392 397 398
f 392 398 393
f 393 398 399
f 393 399 394
f 394 399 400
f 394 400 395
f 395 400 396
f 395 396 391
o Lapel_L
usemtl fur_dark
v -0.580000 -0.535000 2.170000
v -0.120000 -0.535000 1.620000
v -0.120000 -0.535000 2.160000
v -0.580000 -0.500000 2.170000
v -0.120000 -0.500000 1.620000
v -0.120000 -0.500000 2.160000
f 401 402 403
f 406 405 404
f 401 404 405
f 401 405 402
f 402 405 406
f 402 406 403
f 403 406 404
f 403 404 401
o Lapel_R
usemtl fur_dark
v 0.580000 -0.535000 2.170000
v 0.120000 -0.535000 1.620000
v 0.120000 -0.535000 2.160000
v 0.580000 -0.500000 2.170000
v 0.120000 -0.500000 1.620000
v 0.120000 -0.500000 2.160000
f 407 408 409
f 412 411 410
f 407 410 411
f 407 411 408
f 408 411 412
f 408 412 409
f 409 412 410
f 409 410 407
o Collar_L
usemtl shirt
v -0.300000 -0.565000 2.200000
v -0.040000 -0.565000 1.980000
v -0.130000 -0.565000 2.200000
v -0.300000 -0.530000 2.200000
v -0.040000 -0.530000 1.980000
v -0.130000 -0.530000 2.200000
f 413 414 415
f 418 417 416
f 413 416 417
f 413 417 414
f 414 417 418
f 414 418 415
f 415 418 416
f 415 416 413
o Collar_R
usemtl shirt
v 0.300000 -0.565000 2.200000
v 0.040000 -0.565000 1.980000
v 0.130000 -0.565000 2.200000
v 0.300000 -0.530000 2.200000
v 0.040000 -0.530000 1.980000
v 0.130000 -0.530000 2.200000
f 419 420 421
f 424 423 422
f 419 422 423
f 419 423 420
f 420 423 424
f 420 424 421
f 421 424 422
f 421 422 419
o Tie_Knot
usemtl tie
v 0.000000 -0.605000 1.920000
v 0.100000 -0.605000 2.040000
v 0.000000 -0.605000 2.130000
v -0.100000 -0.605000 2.040000
v 0.000000 -0.570000 1.920000
v 0.100000 -0.570000 2.040000
v 0.000000 -0.570000 2.130000
v -0.100000 -0.570000 2.040000
f 428 425 426
f 426 427 428
f 430 429 432
f 432 431 430
f 425 429 430
f 425 430 426
f 426 430 431
f 426 431 427
f 427 431 432
f 427 432 428
f 428 432 429
f 428 429 425
o Tie_Blade
usemtl tie
v -0.130000 -0.600000 1.600000
v 0.000000 -0.600000 1.420000
v 0.130000 -0.600000 1.600000
v 0.075000 -0.600000 1.950000
v -0.075000 -0.600000 1.950000
v -0.130000 -0.565000 1.600000
v 0.000000 -0.565000 1.420000
v 0.130000 -0.565000 1.600000
v 0.075000 -0.565000 1.950000
v -0.075000 -0.565000 1.950000
f 437 433 434
f 437 434 435
f 435 436 437
f 439 438 442
f 440 439 442
f 442 441 440
f 433 438 439
f 433 439 434
f 434 439 440
f 434 440 435
f 435 440 441
f 435 441 436
f 436 441 442
f 436 442 437
f 437 442 438
f 437 438 433
o Arm_L
usemtl suit
v -0.720000 -0.320000 2.120000
v -1.000000 -0.320000 1.990000
v -0.930000 -0.320000 1.120000
v -0.680000 -0.320000 1.120000
v -0.570000 -0.320000 1.840000
v -0.720000 0.340000 2.120000
v -1.000000 0.340000 1.990000
v -0.930000 0.340000 1.120000
v -0.680000 0.340000 1.120000
v -0.570000 0.340000 1.840000
f 447 443 444
f 447 444 445
f 445 446 447
f 449 448 452
f 450 449 452
f 452 451 450
f 443 448 449
f 443 449 444
f 444 449 450
f 444 450 445
f 445 450 451
f 445 451 446
f 446 451 452
f 446 452 447
f 447 452 448
f 447 448 443
o Arm_R
usemtl suit
v 0.570000 -0.320000 1.840000
v 0.680000 -0.320000 1.120000
v 0.930000 -0.320000 1.120000
v 1.000000 -0.320000 1.990000
v 0.720000 -0.320000 2.120000
v 0.570000 0.340000 1.840000
v 0.680000 0.340000 1.120000
v 0.930000 0.340000 1.120000
v 1.000000 0.340000 1.990000
v 0.720000 0.340000 2.120000
f 457 453 454
f 457 454 455
f 455 456 457
f 459 458 462
f 460 459 462
f 462 461 460
f 453 458 459
f 453 459 454
f 454 459 460
f 454 460 455
f 455 460 461
f 455 461 456
f 456 461 462
f 456 462 457
f 457 462 458
f 457 458 453
o Hand_L
usemtl fur_gray
v -0.800000 -0.020000 1.300000
v -0.800000 -0.020000 1.300000
v -0.800000 -0.020000 1.300000
v -0.800000 -0.020000 1.300000
v -0.800000 -0.020000 1.300000
v -0.800000 -0.020000 1.300000
v -0.800000 -0.020000 1.300000
v -0.800000 -0.020000 1.300000
v -0.800000 -0.020000 1.300000
v -0.800000 -0.020000 1.300000
v -0.800000 -0.020000 1.300000
v -0.800000 -0.020000 1.300000
v -0.800000 -0.020000 1.300000
v -0.800000 -0.020000 1.300000
v -0.800000 -0.020000 1.300000
v -0.800000 -0.020000 1.300000
v -0.738197 -0.020000 1.289232
v -0.742901 0.006016 1.289232
v -0.756298 0.028072 1.289232
v -0.776349 0.042809 1.289232
v -0.800000 0.047984 1.289232
v -0.823651 0.042809 1.289232
v -0.843702 0.028072 1.289232
v -0.857099 0.006016 1.289232
v -0.861803 -0.020000 1.289232
v -0.857099 -0.046016 1.289232
v -0.843702 -0.068072 1.289232
v -0.823651 -0.082809 1.289232
v -0.800000 -0.087984 1.289232
v -0.776349 -0.082809 1.289232
v -0.756298 -0.068072 1.289232
v -0.742901 -0.046016 1.289232
v -0.682443 -0.020000 1.257984
v -0.691391 0.029486 1.257984
v -0.716875 0.071438 1.257984
v -0.755013 0.099469 1.257984
v -0.800000 0.109313 1.257984
v -0.844987 0.099469 1.257984
v -0.883125 0.071438 1.257984
v -0.908609 0.029486 1.257984
v -0.917557 -0.020000 1.257984
v -0.908609 -0.069486 1.257984
v -0.883125 -0.111438 1.257984
v -0.844987 -0.139469 1.257984
v -0.800000 -0.149313 1.257984
v -0.755013 -0.139469 1.257984
v -0.716875 -0.111438 1.257984
v -0.691391 -0.069486 1.257984
v -0.638197 -0.020000 1.209313
v -0.650513 0.048111 1.209313
v -0.685588 0.105854 1.209313
v -0.738081 0.144436 1.209313
v -0.800000 0.157984 1.209313
v -0.861919 0.144436 1.209313
v -0.914412 0.105854 1.209313
v -0.949487 0.048111 1.209313
v -0.961803 -0.020000 1.209313
v -0.949487 -0.088111 1.209313
v -0.914412 -0.145854 1.209313
v -0.861919 -0.184436 1.209313
v -0.800000 -0.197984 1.209313
v -0.738081 -0.184436 1.209313
v -0.685588 -0.145854 1.209313
v -0.650513 -0.088111 1.209313
v -0.609789 -0.020000 1.147984
v -0.624268 0.060070 1.147984
v -0.665500 0.127950 1.147984
v -0.727209 0.173306 1.147984
v -0.800000 0.189232 1.147984
v -0.872791 0.173306 1.147984
v -0.934500 0.127950 1.147984
v -0.975732 0.060070 1.147984
v -0.990211 -0.020000 1.147984
v -0.975732 -0.100070 1.147984
v -0.934500 -0.167950 1.147984
v -0.872791 -0.213306 1.147984
v -0.800000 -0.229232 1.147984
v -0.727209 -0.213306 1.147984
v -0.665500 -0.167950 1.147984
v -0.624268 -0.100070 1.147984
v -0.600000 -0.020000 1.080000
v -0.615224 0.064190 1.080000
v -0.658579 0.135563 1.080000
v -0.723463 0.183253 1.080000
v -0.800000 0.200000 1.080000
v -0.876537 0.183253 1.080000
v -0.941421 0.135563 1.080000
v -0.984776 0.064190 1.080000
v -1.000000 -0.020000 1.080000
v -0.984776 -0.104190 1.080000
v -0.941421 -0.175563 1.080000
v -0.876537 -0.223253 1.080000
v -0.800000 -0.240000 1.080000
v -0.723463 -0.223253 1.080000
v -0.658579 -0.175563 1.080000
v -0.615224 -0.104190 1.080000
v -0.609789 -0.020000 1.012016
v -0.624268 0.060070 1.012016
v -0.665500 0.127950 1.012016
v -0.727209 0.173306 1.012016
v -0.800000 0.189232 1.012016
v -0.872791 0.173306 1.012016
v -0.934500 0.127950 1.012016
v -0.975732 0.060070 1.012016
v -0.990211 -0.020000 1.012016
v -0.975732 -0.100070 1.012016
v -0.934500 -0.167950 1.012016
v -0.872791 -0.213306 1.012016
v -0.800000 -0.229232 1.012016
v -0.727209 -0.213306 1.012016
v -0.665500 -0.167950 1.012016
v -0.624268 -0.100070 1.012016
v -0.638197 -0.020000 0.950687
v -0.650513 0.048111 0.950687
v -0.685588 0.105854 0.950687
v -0.738081 0.144436 0.950687
v -0.800000 0.157984 0.950687
v -0.861919 0.144436 0.950687
v -0.914412 0.105854 0.950687
v -0.949487 0.048111 0.950687
v -0.961803 -0.020000 0.950687
v -0.949487 -0.088111 0.950687
v -0.914412 -0.145854 0.950687
v -0.861919 -0.184436 0.950687
v -0.800000 -0.197984 0.950687
v -0.738081 -0.184436 0.950687
v -0.685588 -0.145854 0.950687
v -0.650513 -0.088111 0.950687
v -0.682443 -0.020000 0.902016
v -0.691391 0.029486 0.902016
v -0.716875 0.071438 0.902016
v -0.755013 0.099469 0.902016
v -0.800000 0.109313 0.902016
v -0.844987 0.099469 0.902016
v -0.883125 0.071438 0.902016
v -0.908609 0.029486 0.902016
v -0.917557 -0.020000 0.902016
v -0.908609 -0.069486 0.902016
v -0.883125 -0.111438 0.902016
v -0.844987 -0.139469 0.902016
v -0.800000 -0.149313 0.902016
v -0.755013 -0.139469 0.902016
v -0.716875 -0.111438 0.902016
v -0.691391 -0.069486 0.902016
v -0.738197 -0.020000 0.870768
v -0.742901 0.006016 0.870768
v -0.756298 0.028072 0.870768
v -0.776349 0.042809 0.870768
v -0.800000 0.047984 0.870768
v -0.823651 0.042809 0.870768
v -0.843702 0.028072 0.870768
v -0.857099 0.006016 0.870768
v -0.861803 -0.020000 0.870768
v -0.857099 -0.046016 0.870768
v -0.843702 -0.068072 0.870768
v -0.823651 -0.082809 0.870768
v -0.800000 -0.087984 0.870768
v -0.776349 -0.082809 0.870768
v -0.756298 -0.068072 0.870768
v -0.742901 -0.046016 0.870768
v -0.800000 -0.020000 0.860000
v -0.800000 -0.020000 0.860000
v -0.800000 -0.020000 0.860000
v -0.800000 -0.020000 0.860000
v -0.800000 -0.020000 0.860000
v -0.800000 -0.020000 0.860000
v -0.800000 -0.020000 0.860000
v -0.800000 -0.020000 0.860000
v -0.800000 -0.020000 0.860000
v -0.800000 -0.020000 0.860000
v -0.800000 -0.020000 0.860000
v -0.800000 -0.020000 0.860000
v -0.800000 -0.020000 0.860000
v -0.800000 -0.020000 0.860000
v -0.800000 -0.020000 0.860000
v -0.800000 -0.020000 0.860000
f 463 464 480
f 463 480 479
f 464 465 481
f 464 481 480
f 465 466 482
f 465 482 481
f 466 467 483
f 466 483 482
f 467 468 484
f 467 484 483
f 468 469 485
f 468 485 484
f 469 470 486
f 469 486 485
f 470 471 487
f 470 487 486
f 471 472 488
f 471 488 487
f 472 473 489
f 472 489 488
f 473 474 490
f 473 490 489
f 474 475 491
f 474 491 490
f 475 476 492
f 475 492 491
f 476 477 493
f 476 493 492
f 477 478 494
f 477 494 493
f 478 463 479
f 478 479 494
f 479 480 496
f 479 496 495
f 480 481 497
f 480 497 496
f 481 482 498
f 481 498 497
f 482 483 499
f 482 499 498
f 483 484 500
f 483 500 499
f 484 485 501
f 484 501 500
f 485 486 502
f 485 502 501
f 486 487 503
f 486 503 502
f 487 488 504
f 487 504 503
f 488 489 505
f 488 505 504
f 489 490 506
f 489 506 505
f 490 491 507
f 490 507 506
f 491 492 508
f 491 508 507
f 492 493 509
f 492 509 508
f 493 494 510
f 493 510 509
f 494 479 495
f 494 495 510
f 495 496 512
f 495 512 511
f 496 497 513
f 496 513 512
f 497 498 514
f 497 514 513
f 498 499 515
f 498 515 514
f 499 500 516
f 499 516 515
f 500 501 517
f 500 517 516
f 501 502 518
f 501 518 517
f 502 503 519
f 502 519 518
f 503 504 520
f 503 520 519
f 504 505 521
f 504 521 520
f 505 506 522
f 505 522 521
f 506 507 523
f 506 523 522
f 507 508 524
f 507 524 523
f 508 509 525
f 508 525 524
f 509 510 526
f 509 526 525
f 510 495 511
f 510 511 526
f 511 512 528
f 511 528 527
f 512 513 529
f 512 529 528
f 513 514 530
f 513 530 529
f 514 515 531
f 514 531 530
f 515 516 532
f 515 532 531
f 516 517 533
f 516 533 532
f 517 518 534
f 517 534 533
f 518 519 535
f 518 535 534
f 519 520 536
f 519 536 535
f 520 521 537
f 520 537 536
f 521 522 538
f 521 538 537
f 522 523 539
f 522 539 538
f 523 524 540
f 523 540 539
f 524 525 541
f 524 541 540
f 525 526 542
f 525 542 541
f 526 511 527
f 526 527 542
f 527 528 544
f 527 544 543
f 528 529 545
f 528 545 544
f 529 530 546
f 529 546 545
f 530 531 547
f 530 547 546
f 531 532 548
f 531 548 547
f 532 533 549
f 532 549 548
f 533 534 550
f 533 550 549
f 534 535 551
f 534 551 550
f 535 536 552
f 535 552 551
f 536 537 553
f 536 553 552
f 537 538 554
f 537 554 553
f 538 539 555
f 538 555 554
f 539 540 556
f 539 556 555
f 540 541 557
f 540 557 556
f 541 542 558
f 541 558 557
f 542 527 543
f 542 543 558
f 543 544 560
f 543 560 559
f 544 545 561
f 544 561 560
f 545 546 562
f 545 562 561
f 546 547 563
f 546 563 562
f 547 548 564
f 547 564 563
f 548 549 565
f 548 565 564
f 549 550 566
f 549 566 565
f 550 551 567
f 550 567 566
f 551 552 568
f 551 568 567
f 552 553 569
f 552 569 568
f 553 554 570
f 553 570 569
f 554 555 571
f 554 571 570
f 555 556 572
f 555 572 571
f 556 557 573
f 556 573 572
f 557 558 574
f 557 574 573
f 558 543 559
f 558 559 574
f 559 560 576
f 559 576 575
f 560 561 577
f 560 577 576
f 561 562 578
f 561 578 577
f 562 563 579
f 562 579 578
f 563 564 580
f 563 580 579
f 564 565 581
f 564 581 580
f 565 566 582
f 565 582 581
f 566 567 583
f 566 583 582
f 567 568 584
f 567 584 583
f 568 569 585
f 568 585 584
f 569 570 586
f 569 586 585
f 570 571 587
f 570 587 586
f 571 572 588
f 571 588 587
f 572 573 589
f 572 589 588
f 573 574 590
f 573 590 589
f 574 559 575
f 574 575 590
f 575 576 592
f 575 592 591
f 576 577 593
f 576 593 592
f 577 578 594
f 577 594 593
f 578 579 595
f 578 595 594
f 579 580 596
f 579 596 595
f 580 581 597
f 580 597 596
f 581 582 598
f 581 598 597
f 582 583 599
f 582 599 598
f 583 584 600
f 583 600 599
f 584 585 601
f 584 601 600
f 585 586 602
f 585 602 601
f 586 587 603
f 586 603 602
f 587 588 604
f 587 604 603
f 588 589 605
f 588 605 604
f 589 590 606
f 589 606 605
f 590 575 591
f 590 591 606
f 591 592 608
f 591 608 607
f 592 593 609
f 592 609 608
f 593 594 610
f 593 610 609
f 594 595 611
f 594 611 610
f 595 596 612
f 595 612 611
f 596 597 613
f 596 613 612
f 597 598 614
f 597 614 613
f 598 599 615
f 598 615 614
f 599 600 616
f 599 616 615
f 600 601 617
f 600 617 616
f 601 602 618
f 601 618 617
f 602 603 619
f 602 619 618
f 603 604 620
f 603 620 619
f 604 605 621
f 604 621 620
f 605 606 622
f 605 622 621
f 606 591 607
f 606 607 622
f 607 608 624
f 607 624 623
f 608 609 625
f 608 625 624
f 609 610 626
f 609 626 625
f 610 611 627
f 610 627 626
f 611 612 628
f 611 628 627
f 612 613 629
f 612 629 628
f 613 614 630
f 613 630 629
f 614 615 631
f 614 631 630
f 615 616 632
f 615 632 631
f 616 617 633
f 616 633 632
f 617 618 634
f 617 634 633
f 618 619 635
f 618 635 634
f 619 620 636
f 619 636 635
f 620 621 637
f 620 637 636
f 621 622 638
f 621 638 637
f 622 607 623
f 622 623 638
o Hand_R
usemtl fur_gray
v 0.800000 -0.020000 1.300000
v 0.800000 -0.020000 1.300000
v 0.800000 -0.020000 1.300000
v 0.800000 -0.020000 1.300000
v 0.800000 -0.020000 1.300000
v 0.800000 -0.020000 1.300000
v 0.800000 -0.020000 1.300000
v 0.800000 -0.020000 1.300000
v 0.800000 -0.020000 1.300000
v 0.800000 -0.020000 1.300000
v 0.800000 -0.020000 1.300000
v 0.800000 -0.020000 1.300000
v 0.800000 -0.020000 1.300000
v 0.800000 -0.020000 1.300000
v 0.800000 -0.020000 1.300000
v 0.800000 -0.020000 1.300000
v 0.861803 -0.020000 1.289232
v 0.857099 0.006016 1.289232
v 0.843702 0.028072 1.289232
v 0.823651 0.042809 1.289232
v 0.800000 0.047984 1.289232
v 0.776349 0.042809 1.289232
v 0.756298 0.028072 1.289232
v 0.742901 0.006016 1.289232
v 0.738197 -0.020000 1.289232
v 0.742901 -0.046016 1.289232
v 0.756298 -0.068072 1.289232
v 0.776349 -0.082809 1.289232
v 0.800000 -0.087984 1.289232
v 0.823651 -0.082809 1.289232
v 0.843702 -0.068072 1.289232
v 0.857099 -0.046016 1.289232
v 0.917557 -0.020000 1.257984
v 0.908609 0.029486 1.257984
v 0.883125 0.071438 1.257984
v 0.844987 0.099469 1.257984
v 0.800000 0.109313 1.257984
v 0.755013 0.099469 1.257984
v 0.716875 0.071438 1.257984
v 0.691391 0.029486 1.257984
v 0.682443 -0.020000 1.257984
v 0.691391 -0.069486 1.257984
v 0.716875 -0.111438 1.257984
v 0.755013 -0.139469 1.257984
v 0.800000 -0.149313 1.257984
v 0.844987 -0.139469 1.257984
v 0.883125 -0.111438 1.257984
v 0.908609 -0.069486 1.257984
v 0.961803 -0.020000 1.209313
v 0.949487 0.048111 1.209313
v 0.914412 0.105854 1.209313
v 0.861919 0.144436 1.209313
v 0.800000 0.157984 1.209313
v 0.738081 0.144436 1.209313
v 0.685588 0.105854 1.209313
v 0.650513 0.048111 1.209313
v 0.638197 -0.020000 1.209313
v 0.650513 -0.088111 1.209313
v 0.685588 -0.145854 1.209313
v 0.738081 -0.184436 1.209313
v 0.800000 -0.197984 1.209313
v 0.861919 -0.184436 1.209313
v 0.914412 -0.145854 1.209313
v 0.949487 -0.088111 1.209313
v 0.990211 -0.020000 1.147984
v 0.975732 0.060070 1.147984
v 0.934500 0.127950 1.147984
v 0.872791 0.173306 1.147984
v 0.800000 0.189232 1.147984
v 0.727209 0.173306 1.147984
v 0.665500 0.127950 1.147984
v 0.624268 0.060070 1.147984
v 0.609789 -0.020000 1.147984
v 0.624268 -0.100070 1.147984
v 0.665500 -0.167950 1.147984
v 0.727209 -0.213306 1.147984
v 0.800000 -0.229232 1.147984
v 0.872791 -0.213306 1.147984
v 0.934500 -0.167950 1.147984
v 0.975732 -0.100070 1.147984
v 1.000000 -0.020000 1.080000
v 0.984776 0.064190 1.080000
v 0.941421 0.135563 1.080000
v 0.876537 0.183253 1.080000
v 0.800000 0.200000 1.080000
v 0.723463 0.183253 1.080000
v 0.658579 0.135563 1.080000
v 0.615224 0.064190 1.080000
v 0.600000 -0.020000 1.080000
v 0.615224 -0.104190 1.080000
v 0.658579 -0.175563 1.080000
v 0.723463 -0.223253 1.080000
v 0.800000 -0.240000 1.080000
v 0.876537 -0.223253 1.080000
v 0.941421 -0.175563 1.080000
v 0.984776 -0.104190 1.080000
v 0.990211 -0.020000 1.012016
v 0.975732 0.060070 1.012016
v 0.934500 0.127950 1.012016
v 0.872791 0.173306 1.012016
v 0.800000 0.189232 1.012016
v 0.727209 0.173306 1.012016
v 0.665500 0.127950 1.012016
v 0.624268 0.060070 1.012016
v 0.609789 -0.020000 1.012016
v 0.624268 -0.100070 1.012016
v 0.665500 -0.167950 1.012016
v 0.727209 -0.213306 1.012016
v 0.800000 -0.229232 1.012016
v 0.872791 -0.213306 1.012016
v 0.934500 -0.167950 1.012016
v 0.975732 -0.100070 1.012016
v 0.961803 -0.020000 0.950687
v 0.949487 0.048111 0.950687
v 0.914412 0.105854 0.950687
v 0.861919 0.144436 0.950687
v 0.800000 0.157984 0.950687
v 0.738081 0.144436 0.950687
v 0.685588 0.105854 0.950687
v 0.650513 0.048111 0.950687
v 0.638197 -0.020000 0.950687
v 0.650513 -0.088111 0.950687
v 0.685588 -0.145854 0.950687
v 0.738081 -0.184436 0.950687
v 0.800000 -0.197984 0.950687
v 0.861919 -0.184436 0.950687
v 0.914412 -0.145854 0.950687
v 0.949487 -0.088111 0.950687
v 0.917557 -0.020000 0.902016
v 0.908609 0.029486 0.902016
v 0.883125 0.071438 0.902016
v 0.844987 0.099469 0.902016
v 0.800000 0.109313 0.902016
v 0.755013 0.099469 0.902016
v 0.716875 0.071438 0.902016
v 0.691391 0.029486 0.902016
v 0.682443 -0.020000 0.902016
v 0.691391 -0.069486 0.902016
v 0.716875 -0.111438 0.902016
v 0.755013 -0.139469 0.902016
v 0.800000 -0.149313 0.902016
v 0.844987 -0.139469 0.902016
v 0.883125 -0.111438 0.902016
v 0.908609 -0.069486 0.902016
v 0.861803 -0.020000 0.870768
v 0.857099 0.006016 0.870768
v 0.843702 0.028072 0.870768
v 0.823651 0.042809 0.870768
v 0.800000 0.047984 0.870768
v 0.776349 0.042809 0.870768
v 0.756298 0.028072 0.870768
v 0.742901 0.006016 0.870768
v 0.738197 -0.020000 0.870768
v 0.742901 -0.046016 0.870768
v 0.756298 -0.068072 0.870768
v 0.776349 -0.082809 0.870768
v 0.800000 -0.087984 0.870768
v 0.823651 -0.082809 0.870768
v 0.843702 -0.068072 0.870768
v 0.857099 -0.046016 0.870768
v 0.800000 -0.020000 0.860000
v 0.800000 -0.020000 0.860000
v 0.800000 -0.020000 0.860000
v 0.800000 -0.020000 0.860000
v 0.800000 -0.020000 0.860000
v 0.800000 -0.020000 0.860000
v 0.800000 -0.020000 0.860000
v 0.800000 -0.020000 0.860000
v 0.800000 -0.020000 0.860000
v 0.800000 -0.020000 0.860000
v 0.800000 -0.020000 0.860000
v 0.800000 -0.020000 0.860000
v 0.800000 -0.020000 0.860000
v 0.800000 -0.020000 0.860000
v 0.800000 -0.020000 0.860000
v 0.800000 -0.020000 0.860000
f 639 640 656
f 639 656 655
f 640 641 657
f 640 657 656
f 641 642 658
f 641 658 657
f 642 643 659
f 642 659 658
f 643 644 660
f 643 660 659
f 644 645 661
f 644 661 660
f 645 646 662
f 645 662 661
f 646 647 663
f 646 663 662
f 647 648 664
f 647 664 663
f 648 649 665
f 648 665 664
f 649 650 666
f 649 666 665
f 650 651 667
f 650 667 666
f 651 652 668
f 651 668 667
f 652 653 669
f 652 669 668
f 653 654 670
f 653 670 669
f 654 639 655
f 654 655 670
f 655 656 672
f 655 672 671
f 656 657 673
f 656 673 672
f 657 658 674
f 657 674 673
f 658 659 675
f 658 675 674
f 659 660 676
f 659 676 675
f 660 661 677
f 660 677 676
f 661 662 678
f 661 678 677
f 662 663 679
f 662 679 678
f 663 664 680
f 663 680 679
f 664 665 681
f 664 681 680
f 665 666 682
f 665 682 681
f 666 667 683
f 666 683 682
f 667 668 684
f 667 684 683
f 668 669 685
f 668 685 684
f 669 670 686
f 669 686 685
f 670 655 671
f 670 671 686
f 671 672 688
f 671 688 687
f 672 673 689
f 672 689 688
f 673 674 690
f 673 690 689
f 674 675 691
f 674 691 690
f 675 676 692
f 675 692 691
f 676 677 693
f 676 693 692
f 677 678 694
f 677 694 693
f 678 679 695
f 678 695 694
f 679 680 696
f 679 696 695
f 680 681 697
f 680 697 696
f 681 682 698
f 681 698 697
f 682 683 699
f 682 699 698
f 683 684 700
f 683 700 699
f 684 685 701
f 684 701 700
f 685 686 702
f 685 702 701
f 686 671 687
f 686 687 702
f 687 688 704
f 687 704 703
f 688 689 705
f 688 705 704
f 689 690 706
f 689 706 705
f 690 691 707
f 690 707 706
f 691 692 708
f 691 708 707
f 692 693 709
f 692 709 708
f 693 694 710
f 693 710 709
f 694 695 711
f 694 711 710
f 695 696 712
f 695 712 711
f 696 697 713
f 696 713 712
f 697 698 714
f 697 714 713
f 698 699 715
f 698 715 714
f 699 700 716
f 699 716 715
f 700 701 717
f 700 717 716
f 701 702 718
f 701 718 717
f 702 687 703
f 702 703 718
f 703 704 720
f 703 720 719
f 704 705 721
f 704 721 720
f 705 706 722
f 705 722 721
f 706 707 723
f 706 723 722
f 707 708 724
f 707 724 723
f 708 709 725
f 708 725 724
f 709 710 726
f 709 726 725
f 710 711 727
f 710 727 726
f 711 712 728
f 711 728 727
f 712 713 729
f 712 729 728
f 713 714 730
f 713 730 729
f 714 715 731
f 714 731 730
f 715 716 732
f 715 732 731
f 716 717 733
f 716 733 732
f 717 718 734
f 717 734 733
f 718 703 719
f 718 719 734
f 719 720 736
f 719 736 735
f 720 721 737
f 720 737 736
f 721 722 738
f 721 738 737
f 722 723 739
f 722 739 738
f 723 724 740
f 723 740 739
f 724 725 741
f 724 741 740
f 725 726 742
f 725 742 741
f 726 727 743
f 726 743 742
f 727 728 744
f 727 744 743
f 728 729 745
f 728 745 744
f 729 730 746
f 729 746 745
f 730 731 747
f 730 747 746
f 731 732 748
f 731 748 747
f 732 733 749
f 732 749 748
f 733 734 750
f 733 750 749
f 734 719 735
f 734 735 750
f 735 736 752
f 735 752 751
f 736 737 753
f 736 753 752
f 737 738 754
f 737 754 753
f 738 739 755
f 738 755 754
f 739 740 756
f 739 756 755
f 740 741 757
f 740 757 756
f 741 742 758
f 741 758 757
f 742 743 759
f 742 759 758
f 743 744 760
f 743 760 759
f 744 745 761
f 744 761 760
f 745 746 762
f 745 762 761
f 746 747 763
f 746 763 762
f 747 748 764
f 747 764 763
f 748 749 765
f 748 765 764
f 749 750 766
f 749 766 765
f 750 735 751
f 750 751 766
f 751 752 768
f 751 768 767
f 752 753 769
f 752 769 768
f 753 754 770
f 753 770 769
f 754 755 771
f 754 771 770
f 755 756 772
f 755 772 771
f 756 757 773
f 756 773 772
f 757 758 774
f 757 774 773
f 758 759 775
f 758 775 774
f 759 760 776
f 759 776 775
f 760 761 777
f 760 777 776
f 761 762 778
f 761 778 777
f 762 763 779
f 762 779 778
f 763 764 780
f 763 780 779
f 764 765 781
f 764 781 780
f 765 766 782
f 765 782 781
f 766 751 767
f 766 767 782
f 767 768 784
f 767 784 783
f 768 769 785
f 768 785 784
f 769 770 786
f 769 786 785
f 770 771 787
f 770 787 786
f 771 772 788
f 771 788 787
f 772 773 789
f 772 789 788
f 773 774 790
f 773 790 789
f 774 775 791
f 774 791 790
f 775 776 792
f 775 792 791
f 776 777 793
f 776 793 792
f 777 778 794
f 777 794 793
f 778 779 795
f 778 795 794
f 779 780 796
f 779 796 795
f 780 781 797
f 780 797 796
f 781 782 798
f 781 798 797
f 782 767 783
f 782 783 798
f 783 784 800
f 783 800 799
f 784 785 801
f 784 801 800
f 785 786 802
f 785 802 801
f 786 787 803
f 786 803 802
f 787 788 804
f 787 804 803
f 788 789 805
f 788 805 804
f 789 790 806
f 789 806 805
f 790 791 807
f 790 807 806
f 791 792 808
f 791 808 807
f 792 793 809
f 792 809 808
f 793 794 810
f 793 810 809
f 794 795 811
f 794 811 810
f 795 796 812
f 795 812 811
f 796 797 813
f 796 813 812
f 797 798 814
f 797 814 813
f 798 783 799
f 798 799 814
o Head
usemtl fur_gray
v -0.780000 -0.300000 3.930000
v -1.000000 -0.300000 3.620000
v -0.920000 -0.300000 3.270000
v -1.130000 -0.300000 3.020000
v -0.910000 -0.300000 2.900000
v -0.980000 -0.300000 2.690000
v -0.620000 -0.300000 2.760000
v -0.480000 -0.300000 2.550000
v 0.000000 -0.300000 2.430000
v 0.480000 -0.300000 2.550000
v 0.620000 -0.300000 2.760000
v 0.980000 -0.300000 2.690000
v 0.910000 -0.300000 2.900000
v 1.130000 -0.300000 3.020000
v 0.920000 -0.300000 3.270000
v 1.000000 -0.300000 3.620000
v 0.780000 -0.300000 3.930000
v 0.380000 -0.300000 4.100000
v -0.380000 -0.300000 4.100000
v -0.780000 0.460000 3.930000
v -1.000000 0.460000 3.620000
v -0.920000 0.460000 3.270000
v -1.130000 0.460000 3.020000
v -0.910000 0.460000 2.900000
v -0.980000 0.460000 2.690000
v -0.620000 0.460000 2.760000
v -0.480000 0.460000 2.550000
v 0.000000 0.460000 2.430000
v 0.480000 0.460000 2.550000
v 0.620000 0.460000 2.760000
v 0.980000 0.460000 2.690000
v 0.910000 0.460000 2.900000
v 1.130000 0.460000 3.020000
v 0.920000 0.460000 3.270000
v 1.000000 0.460000 3.620000
v 0.780000 0.460000 3.930000
v 0.380000 0.460000 4.100000
v -0.380000 0.460000 4.100000
f 833 815 816
f 833 816 817
f 817 818 819
f 833 817 819
f 833 819 820
f 833 820 821
f 833 821 822
f 833 822 823
f 833 823 824
f 833 824 825
f 833 825 826
f 833 826 827
f 833 827 828
f 833 828 829
f 833 829 830
f 833 830 831
f 831 832 833
f 835 834 852
f 836 835 852
f 838 837 836
f 838 836 852
f 839 838 852
f 840 839 852
f 841 840 852
f 842 841 852
f 843 842 852
f 844 843 852
f 845 844 852
f 846 845 852
f 847 846 852
f 848 847 852
f 849 848 852
f 850 849 852
f 852 851 850
f 815 834 835
f 815 835 816
f 816 835 836
f 816 836 817
f 817 836 837
f 817 837 818
f 818 837 838
f 818 838 819
f 819 838 839
f 819 839 820
f 820 839 840
f 820 840 821
f 821 840 841
f 821 841 822
f 822 841 842
f 822 842 823
f 823 842 843
f 823 843 824
f 824 843 844
f 824 844 825
f 825 844 845
f 825 845 826
f 826 845 846
f 826 846 827
f 827 846 847
f 827 847 828
f 828 847 848
f 828 848 829
f 829 848 849
f 829 849 830
f 830 849 850
f 830 850 831
f 831 850 851
f 831 851 832
f 832 851 852
f 832 852 833
f 833 852 834
f 833 834 815
o FaceMask_L
usemtl fur_white
v -0.060000 -0.335000 3.660000
v -0.460000 -0.335000 3.670000
v -0.760000 -0.335000 3.490000
v -0.830000 -0.335000 3.250000
v -1.040000 -0.335000 3.020000
v -0.810000 -0.335000 2.920000
v -0.910000 -0.335000 2.740000
v -0.580000 -0.335000 2.800000
v -0.390000 -0.335000 2.600000
v -0.040000 -0.335000 2.550000
v -0.060000 -0.305000 3.660000
v -0.460000 -0.305000 3.670000
v -0.760000 -0.305000 3.490000
v -0.830000 -0.305000 3.250000
v -1.040000 -0.305000 3.020000
v -0.810000 -0.305000 2.920000
v -0.910000 -0.305000 2.740000
v -0.580000 -0.305000 2.800000
v -0.390000 -0.305000 2.600000
v -0.040000 -0.305000 2.550000
f 862 853 854
f 862 854 855
f 862 855 856
f 856 857 858
f 862 856 858
f 858 859 860
f 862 858 860
f 860 861 862
f 864 863 872
f 865 864 872
f 866 865 872
f 868 867 866
f 868 866 872
f 870 869 868
f 870 868 872
f 872 871 870
f 853 863 864
f 853 864 854
f 854 864 865
f 854 865 855
f 855 865 866
f 855 866 856
f 856 866 867
f 856 867 857
f 857 867 868
f 857 868 858
f 858 868 869
f 858 869 859
f 859 869 870
f 859 870 860
f 860 870 871
f 860 871 861
f 861 871 872
f 861 872 862
f 862 872 863
f 862 863 853
o FaceMask_R
usemtl fur_white
v 0.040000 -0.335000 2.550000
v 0.390000 -0.335000 2.600000
v 0.580000 -0.335000 2.800000
v 0.910000 -0.335000 2.740000
v 0.810000 -0.335000 2.920000
v 1.040000 -0.335000 3.020000
v 0.830000 -0.335000 3.250000
v 0.760000 -0.335000 3.490000
v 0.460000 -0.335000 3.670000
v 0.060000 -0.335000 3.660000
v 0.040000 -0.305000 2.550000
v 0.390000 -0.305000 2.600000
v 0.580000 -0.305000 2.800000
v 0.910000 -0.305000 2.740000
v 0.810000 -0.305000 2.920000
v 1.040000 -0.305000 3.020000
v 0.830000 -0.305000 3.250000
v 0.760000 -0.305000 3.490000
v 0.460000 -0.305000 3.670000
v 0.060000 -0.305000 3.660000
f 882 873 874
f 882 874 875
f 882 875 876
f 882 876 877
f 882 877 878
f 882 878 879
f 882 879 880
f 880 881 882
f 884 883 892
f 885 884 892
f 886 885 892
f 887 886 892
f 888 887 892
f 889 888 892
f 890 889 892
f 892 891 890
f 873 883 884
f 873 884 874
f 874 884 885
f 874 885 875
f 875 885 886
f 875 886 876
f 876 886 887
f 876 887 877
f 877 887 888
f 877 888 878
f 878 888 889
f 878 889 879
f 879 889 890
f 879 890 880
f 880 890 891
f 880 891 881
f 881 891 892
f 881 892 882
f 882 892 883
f 882 883 873
o Muzzle
usemtl fur_white
v 0.000000 -0.430000 3.210000
v 0.000000 -0.430000 3.210000
v 0.000000 -0.430000 3.210000
v 0.000000 -0.430000 3.210000
v 0.000000 -0.430000 3.210000
v 0.000000 -0.430000 3.210000
v 0.000000 -0.430000 3.210000
v 0.000000 -0.430000 3.210000
v 0.000000 -0.430000 3.210000
v 0.000000 -0.430000 3.210000
v 0.000000 -0.430000 3.210000
v 0.000000 -0.430000 3.210000
v 0.000000 -0.430000 3.210000
v 0.000000 -0.430000 3.210000
v 0.000000 -0.430000 3.210000
v 0.000000 -0.430000 3.210000
v 0.000000 -0.430000 3.210000
v 0.000000 -0.430000 3.210000
v 0.000000 -0.430000 3.210000
v 0.000000 -0.430000 3.210000
v 0.124233 -0.430000 3.199778
v 0.118153 -0.414004 3.199778
v 0.100507 -0.399574 3.199778
v 0.073022 -0.388122 3.199778
v 0.038390 -0.380770 3.199778
v 0.000000 -0.378236 3.199778
v -0.038390 -0.380770 3.199778
v -0.073022 -0.388122 3.199778
v -0.100507 -0.399574 3.199778
v -0.118153 -0.414004 3.199778
v -0.124233 -0.430000 3.199778
v -0.118153 -0.445996 3.199778
v -0.100507 -0.460426 3.199778
v -0.073022 -0.471878 3.199778
v -0.038390 -0.479230 3.199778
v -0.000000 -0.481764 3.199778
v 0.038390 -0.479230 3.199778
v 0.073022 -0.471878 3.199778
v 0.100507 -0.460426 3.199778
v 0.118153 -0.445996 3.199778
v 0.240000 -0.430000 3.169808
v 0.228254 -0.399098 3.169808
v 0.194164 -0.371221 3.169808
v 0.141068 -0.349098 3.169808
v 0.074164 -0.334894 3.169808
v 0.000000 -0.330000 3.169808
v -0.074164 -0.334894 3.169808
v -0.141068 -0.349098 3.169808
v -0.194164 -0.371221 3.169808
v -0.228254 -0.399098 3.169808
v -0.240000 -0.430000 3.169808
v -0.228254 -0.460902 3.169808
v -0.194164 -0.488779 3.169808
v -0.141068 -0.510902 3.169808
v -0.074164 -0.525106 3.169808
v -0.000000 -0.530000 3.169808
v 0.074164 -0.525106 3.169808
v 0.141068 -0.510902 3.169808
v 0.194164 -0.488779 3.169808
v 0.228254 -0.460902 3.169808
v 0.339411 -0.430000 3.122132
v 0.322799 -0.386298 3.122132
v 0.274589 -0.346875 3.122132
v 0.199501 -0.315588 3.122132
v 0.104884 -0.295500 3.122132
v 0.000000 -0.288579 3.122132
v -0.104884 -0.295500 3.122132
v -0.199501 -0.315588 3.122132
v -0.274589 -0.346875 3.122132
v -0.322799 -0.386298 3.122132
v -0.339411 -0.430000 3.122132
v -0.322799 -0.473702 3.122132
v -0.274589 -0.513125 3.122132
v -0.199501 -0.544412 3.122132
v -0.104884 -0.564500 3.122132
v -0.000000 -0.571421 3.122132
v 0.104884 -0.564500 3.122132
v 0.199501 -0.544412 3.122132
v 0.274589 -0.513125 3.122132
v 0.322799 -0.473702 3.122132
v 0.415692 -0.430000 3.060000
v 0.395347 -0.376477 3.060000
v 0.336302 -0.328193 3.060000
v 0.244338 -0.289874 3.060000
v 0.128456 -0.265272 3.060000
v 0.000000 -0.256795 3.060000
v -0.128456 -0.265272 3.060000
v -0.244338 -0.289874 3.060000
v -0.336302 -0.328193 3.060000
v -0.395347 -0.376477 3.060000
v -0.415692 -0.430000 3.060000
v -0.395347 -0.483523 3.060000
v -0.336302 -0.531807 3.060000
v -0.244338 -0.570126 3.060000
v -0.128456 -0.594728 3.060000
v -0.000000 -0.603205 3.060000
v 0.128456 -0.594728 3.060000
v 0.244338 -0.570126 3.060000
v 0.336302 -0.531807 3.060000
v 0.395347 -0.483523 3.060000
v 0.463644 -0.430000 2.987646
v 0.440952 -0.370303 2.987646
v 0.375096 -0.316449 2.987646
v 0.272523 -0.273710 2.987646
v 0.143274 -0.246270 2.987646
v 0.000000 -0.236815 2.987646
v -0.143274 -0.246270 2.987646
v -0.272523 -0.273710 2.987646
v -0.375096 -0.316449 2.987646
v -0.440952 -0.370303 2.987646
v -0.463644 -0.430000 2.987646
v -0.440952 -0.489697 2.987646
v -0.375096 -0.543551 2.987646
v -0.272523 -0.586290 2.987646
v -0.143274 -0.613730 2.987646
v -0.000000 -0.623185 2.987646
v 0.143274 -0.613730 2.987646
v 0.272523 -0.586290 2.987646
v 0.375096 -0.543551 2.987646
v 0.440952 -0.489697 2.987646
v 0.480000 -0.430000 2.910000
v 0.456507 -0.368197 2.910000
v 0.388328 -0.312443 2.910000
v 0.282137 -0.268197 2.910000
v 0.148328 -0.239789 2.910000
v 0.000000 -0.230000 2.910000
v -0.148328 -0.239789 2.910000
v -0.282137 -0.268197 2.910000
v -0.388328 -0.312443 2.910000
v -0.456507 -0.368197 2.910000
v -0.480000 -0.430000 2.910000
v -0.456507 -0.491803 2.910000
v -0.388328 -0.547557 2.910000
v -0.282137 -0.591803 2.910000
v -0.148328 -0.620211 2.910000
v -0.000000 -0.630000 2.910000
v 0.148328 -0.620211 2.910000
v 0.282137 -0.591803 2.910000
v 0.388328 -0.547557 2.910000
v 0.456507 -0.491803 2.910000
v 0.463644 -0.430000 2.832354
v 0.440952 -0.370303 2.832354
v 0.375096 -0.316449 2.832354
v 0.272523 -0.273710 2.832354
v 0.143274 -0.246270 2.832354
v 0.000000 -0.236815 2.832354
v -0.143274 -0.246270 2.832354
v -0.272523 -0.273710 2.832354
v -0.375096 -0.316449 2.832354
v -0.440952 -0.370303 2.832354
v -0.463644 -0.430000 2.832354
v -0.440952 -0.489697 2.832354
v -0.375096 -0.543551 2.832354
v -0.272523 -0.586290 2.832354
v -0.143274 -0.613730 2.832354
v -0.000000 -0.623185 2.832354
v 0.143274 -0.613730 2.832354
v 0.272523 -0.586290 2.832354
v 0.375096 -0.543551 2.832354
v 0.440952 -0.489697 2.832354
v 0.415692 -0.430000 2.760000
v 0.395347 -0.376477 2.760000
v 0.336302 -0.328193 2.760000
v 0.244338 -0.289874 2.760000
v 0.128456 -0.265272 2.760000
v 0.000000 -0.256795 2.760000
v -0.128456 -0.265272 2.760000
v -0.244338 -0.289874 2.760000
v -0.336302 -0.328193 2.760000
v -0.395347 -0.376477 2.760000
v -0.415692 -0.430000 2.760000
v -0.395347 -0.483523 2.760000
v -0.336302 -0.531807 2.760000
v -0.244338 -0.570126 2.760000
v -0.128456 -0.594728 2.760000
v -0.000000 -0.603205 2.760000
v 0.128456 -0.594728 2.760000
v 0.244338 -0.570126 2.760000
v 0.336302 -0.531807 2.760000
v 0.395347 -0.483523 2.760000
v 0.339411 -0.430000 2.697868
v 0.322799 -0.386298 2.697868
v 0.274589 -0.346875 2.697868
v 0.199501 -0.315588 2.697868
v 0.104884 -0.295500 2.697868
v 0.000000 -0.288579 2.697868
v -0.104884 -0.295500 2.697868
v -0.199501 -0.315588 2.697868
v -0.274589 -0.346875 2.697868
v -0.322799 -0.386298 2.697868
v -0.339411 -0.430000 2.697868
v -0.322799 -0.473702 2.697868
v -0.274589 -0.513125 2.697868
v -0.199501 -0.544412 2.697868
v -0.104884 -0.564500 2.697868
v -0.000000 -0.571421 2.697868
v 0.104884 -0.564500 2.697868
v 0.199501 -0.544412 2.697868
v 0.274589 -0.513125 2.697868
v 0.322799 -0.473702 2.697868
v 0.240000 -0.430000 2.650192
v 0.228254 -0.399098 2.650192
v 0.194164 -0.371221 2.650192
v 0.141068 -0.349098 2.650192
v 0.074164 -0.334894 2.650192
v 0.000000 -0.330000 2.650192
v -0.074164 -0.334894 2.650192
v -0.141068 -0.349098 2.650192
v -0.194164 -0.371221 2.650192
v -0.228254 -0.399098 2.650192
v -0.240000 -0.430000 2.650192
v -0.228254 -0.460902 2.650192
v -0.194164 -0.488779 2.650192
v -0.141068 -0.510902 2.650192
v -0.074164 -0.525106 2.650192
v -0.000000 -0.530000 2.650192
v 0.074164 -0.525106 2.650192
v 0.141068 -0.510902 2.650192
v 0.194164 -0.488779 2.650192
v 0.228254 -0.460902 2.650192
v 0.124233 -0.430000 2.620222
v 0.118153 -0.414004 2.620222
v 0.100507 -0.399574 2.620222
v 0.073022 -0.388122 2.620222
v 0.038390 -0.380770 2.620222
v 0.000000 -0.378236 2.620222
v -0.038390 -0.380770 2.620222
v -0.073022 -0.388122 2.620222
v -0.100507 -0.399574 2.620222
v -0.118153 -0.414004 2.620222
v -0.124233 -0.430000 2.620222
v -0.118153 -0.445996 2.620222
v -0.100507 -0.460426 2.620222
v -0.073022 -0.471878 2.620222
v -0.038390 -0.479230 2.620222
v -0.000000 -0.481764 2.620222
v 0.038390 -0.479230 2.620222
v 0.073022 -0.471878 2.620222
v 0.100507 -0.460426 2.620222
v 0.118153 -0.445996 2.620222
v 0.000000 -0.430000 2.610000
v 0.000000 -0.430000 2.610000
v 0.000000 -0.430000 2.610000
v 0.000000 -0.430000 2.610000
v 0.000000 -0.430000 2.610000
v 0.000000 -0.430000 2.610000
v -0.000000 -0.430000 2.610000
v -0.000000 -0.430000 2.610000
v -0.000000 -0.430000 2.610000
v -0.000000 -0.430000 2.610000
v -0.000000 -0.430000 2.610000
v -0.000000 -0.430000 2.610000
v -0.000000 -0.430000 2.610000
v -0.000000 -0.430000 2.610000
v -0.000000 -0.430000 2.610000
v -0.000000 -0.430000 2.610000
v 0.000000 -0.430000 2.610000
v 0.000000 -0.430000 2.610000
v 0.000000 -0.430000 2.610000
v 0.000000 -0.430000 2.610000
f 893 894 914
f 893 914 913
f 894 895 915
f 894 915 914
f 895 896 916
f 895 916 915
f 896 897 917
f 896 917 916
f 897 898 918
f 897 918 917
f 898 899 919
f 898 919 918
f 899 900 920
f 899 920 919
f 900 901 921
f 900 921 920
f 901 902 922
f 901 922 921
f 902 903 923
f 902 923 922
f 903 904 924
f 903 924 923
f 904 905 925
f 904 925 924
f 905 906 926
f 905 926 925
f 906 907 927
f 906 927 926
f 907 908 928
f 907 928 927
f 908 909 929
f 908 929 928
f 909 910 930
f 909 930 929
f 910 911 931
f 910 931 930
f 911 912 932
f 911 932 931
f 912 893 913
f 912 913 932
f 913 914 934
f 913 934 933
f 914 915 935
f 914 935 934
f 915 916 936
f 915 936 935
f 916 917 937
f 916 937 936
f 917 918 938
f 917 938 937
f 918 919 939
f 918 939 938
f 919 920 940
f 919 940 939
f 920 921 941
f 920 941 940
f 921 922 942
f 921 942 941
f 922 923 943
f 922 943 942
f 923 924 944
f 923 944 943
f 924 925 945
f 924 945 944
f 925 926 946
f 925 946 945
f 926 927 947
f 926 947 946
f 927 928 948
f 927 948 947
f 928 929 949
f 928 949 948
f 929 930 950
f 929 950 949
f 930 931 951
f 930 951 950
f 931 932 952
f 931 952 951
f 932 913 933
f 932 933 952
f 933 934 954
f 933 954 953
f 934 935 955
f 934 955 954
f 935 936 956
f 935 956 955
f 936 937 957
f 936 957 956
f 937 938 958
f 937 958 957
f 938 939 959
f 938 959 958
f 939 940 960
f 939 960 959
f 940 941 961
f 940 961 960
f 941 942 962
f 941 962 961
f 942 943 963
f 942 963 962
f 943 944 964
f 943 964 963
f 944 945 965
f 944 965 964
f 945 946 966
f 945 966 965
f 946 947 967
f 946 967 966
f 947 948 968
f 947 968 967
f 948 949 969
f 948 969 968
f 949 950 970
f 949 970 969
f 950 951 971
f 950 971 970
f 951 952 972
f 951 972 971
f 952 933 953
f 952 953 972
f 953 954 974
f 953 974 973
f 954 955 975
f 954 975 974
f 955 956 976
f 955 976 975
f 956 957 977
f 956 977 976
f 957 958 978
f 957 978 977
f 958 959 979
f 958 979 978
f 959 960 980
f 959 980 979
f 960 961 981
f 960 981 980
f 961 962 982
f 961 982 981
f 962 963 983
f 962 983 982
f 963 964 984
f 963 984 983
f 964 965 985
f 964 985 984
f 965 966 986
f 965 986 985
f 966 967 987
f 966 987 986
f 967 968 988
f 967 988 987
f 968 969 989
f 968 989 988
f 969 970 990
f 969 990 989
f 970 971 991
f 970 991 990
f 971 972 992
f 971 992 991
f 972 953 973
f 972 973 992
f 973 974 994
f 973 994 993
f 974 975 995
f 974 995 994
f 975 976 996
f 975 996 995
f 976 977 997
f 976 997 996
f 977 978 998
f 977 998 997
f 978 979 999
f 978 999 998
f 979 980 1000
f 979 1000 999
f 980 981 1001
f 980 1001 1000
f 981 982 1002
f 981 1002 1001
f 982 983 1003
f 982 1003 1002
f 983 984 1004
f 983 1004 1003
f 984 985 1005
f 984 1005 1004
f 985 986 1006
f 985 1006 1005
f 986 987 1007
f 986 1007 1006
f 987 988 1008
f 987 1008 1007
f 988 989 1009
f 988 1009 1008
f 989 990 1010
f 989 1010 1009
f 990 991 1011
f 990 1011 1010
f 991 992 1012
f 991 1012 1011
f 992 973 993
f 992 993 1012
f 993 994 1014
f 993 1014 1013
f 994 995 1015
f 994 1015 1014
f 995 996 1016
f 995 1016 1015
f 996 997 1017
f 996 1017 1016
f 997 998 1018
f 997 1018 1017
f 998 999 1019
f 998 1019 1018
f 999 1000 1020
f 999 1020 1019
f 1000 1001 1021
f 1000 1021 1020
f 1001 1002 1022
f 1001 1022 1021
f 1002 1003 1023
f 1002 1023 1022
f 1003 1004 1024
f 1003 1024 1023
f 1004 1005 1025
f 1004 1025 1024
f 1005 1006 1026
f 1005 1026 1025
f 1006 1007 1027
f 1006 1027 1026
f 1007 1008 1028
f 1007 1028 1027
f 1008 1009 1029
f 1008 1029 1028
f 1009 1010 1030
f 1009 1030 1029
f 1010 1011 1031
f 1010 1031 1030
f 1011 1012 1032
f 1011 1032 1031
f 1012 993 1013
f 1012 1013 1032
f 1013 1014 1034
f 1013 1034 1033
f 1014 1015 1035
f 1014 1035 1034
f 1015 1016 1036
f 1015 1036 1035
f 1016 1017 1037
f 1016 1037 1036
f 1017 1018 1038
f 1017 1038 1037
f 1018 1019 1039
f 1018 1039 1038
f 1019 1020 1040
f 1019 1040 1039
f 1020 1021 1041
f 1020 1041 1040
f 1021 1022 1042
f 1021 1042 1041
f 1022 1023 1043
f 1022 1043 1042
f 1023 1024 1044
f 1023 1044 1043
f 1024 1025 1045
f 1024 1045 1044
f 1025 1026 1046
f 1025 1046 1045
f 1026 1027 1047
f 1026 1047 1046
f 1027 1028 1048
f 1027 1048 1047
f 1028 1029 1049
f 1028 1049 1048
f 1029 1030 1050
f 1029 1050 1049
f 1030 1031 1051
f 1030 1051 1050
f 1031 1032 1052
f 1031 1052 1051
f 1032 1013 1033
f 1032 1033 1052
f 1033 1034 1054
f 1033 1054 1053
f 1034 1035 1055
f 1034 1055 1054
f 1035 1036 1056
f 1035 1056 1055
f 1036 1037 1057
f 1036 1057 1056
f 1037 1038 1058
f 1037 1058 1057
f 1038 1039 1059
f 1038 1059 1058
f 1039 1040 1060
f 1039 1060 1059
f 1040 1041 1061
f 1040 1061 1060
f 1041 1042 1062
f 1041 1062 1061
f 1042 1043 1063
f 1042 1063 1062
f 1043 1044 1064
f 1043 1064 1063
f 1044 1045 1065
f 1044 1065 1064
f 1045 1046 1066
f 1045 1066 1065
f 1046 1047 1067
f 1046 1067 1066
f 1047 1048 1068
f 1047 1068 1067
f 1048 1049 1069
f 1048 1069 1068
f 1049 1050 1070
f 1049 1070 1069
f 1050 1051 1071
f 1050 1071 1070
f 1051 1052 1072
f 1051 1072 1071
f 1052 1033 1053
f 1052 1053 1072
f 1053 1054 1074
f 1053 1074 1073
f 1054 1055 1075
f 1054 1075 1074
f 1055 1056 1076
f 1055 1076 1075
f 1056 1057 1077
f 1056 1077 1076
f 1057 1058 1078
f 1057 1078 1077
f 1058 1059 1079
f 1058 1079 1078
f 1059 1060 1080
f 1059 1080 1079
f 1060 1061 1081
f 1060 1081 1080
f 1061 1062 1082
f 1061 1082 1081
f 1062 1063 1083
f 1062 1083 1082
f 1063 1064 1084
f 1063 1084 1083
f 1064 1065 1085
f 1064 1085 1084
f 1065 1066 1086
f 1065 1086 1085
f 1066 1067 1087
f 1066 1087 1086
f 1067 1068 1088
f 1067 1088 1087
f 1068 1069 1089
f 1068 1089 1088
f 1069 1070 1090
f 1069 1090 1089
f 1070 1071 1091
f 1070 1091 1090
f 1071 1072 1092
f 1071 1092 1091
f 1072 1053 1073
f 1072 1073 1092
f 1073 1074 1094
f 1073 1094 1093
f 1074 1075 1095
f 1074 1095 1094
f 1075 1076 1096
f 1075 1096 1095
f 1076 1077 1097
f 1076 1097 1096
f 1077 1078 1098
f 1077 1098 1097
f 1078 1079 1099
f 1078 1099 1098
f 1079 1080 1100
f 1079 1100 1099
f 1080 1081 1101
f 1080 1101 1100
f 1081 1082 1102
f 1081 1102 1101
f 1082 1083 1103
f 1082 1103 1102
f 1083 1084 1104
f 1083 1104 1103
f 1084 1085 1105
f 1084 1105 1104
f 1085 1086 1106
f 1085 1106 1105
f 1086 1087 1107
f 1086 1107 1106
f 1087 1088 1108
f 1087 1108 1107
f 1088 1089 1109
f 1088 1109 1108
f 1089 1090 1110
f 1089 1110 1109
f 1090 1091 1111
f 1090 1111 1110
f 1091 1092 1112
f 1091 1112 1111
f 1092 1073 1093
f 1092 1093 1112
f 1093 1094 1114
f 1093 1114 1113
f 1094 1095 1115
f 1094 1115 1114
f 1095 1096 1116
f 1095 1116 1115
f 1096 1097 1117
f 1096 1117 1116
f 1097 1098 1118
f 1097 1118 1117
f 1098 1099 1119
f 1098 1119 1118
f 1099 1100 1120
f 1099 1120 1119
f 1100 1101 1121
f 1100 1121 1120
f 1101 1102 1122
f 1101 1122 1121
f 1102 1103 1123
f 1102 1123 1122
f 1103 1104 1124
f 1103 1124 1123
f 1104 1105 1125
f 1104 1125 1124
f 1105 1106 1126
f 1105 1126 1125
f 1106 1107 1127
f 1106 1127 1126
f 1107 1108 1128
f 1107 1128 1127
f 1108 1109 1129
f 1108 1129 1128
f 1109 1110 1130
f 1109 1130 1129
f 1110 1111 1131
f 1110 1131 1130
f 1111 1112 1132
f 1111 1132 1131
f 1112 1093 1113
f 1112 1113 1132
f 1113 1114 1134
f 1113 1134 1133
f 1114 1115 1135
f 1114 1135 1134
f 1115 1116 1136
f 1115 1136 1135
f 1116 1117 1137
f 1116 1137 1136
f 1117 1118 1138
f 1117 1138 1137
f 1118 1119 1139
f 1118 1139 1138
f 1119 1120 1140
f 1119 1140 1139
f 1120 1121 1141
f 1120 1141 1140
f 1121 1122 1142
f 1121 1142 1141
f 1122 1123 1143
f 1122 1143 1142
f 1123 1124 1144
f 1123 1144 1143
f 1124 1125 1145
f 1124 1145 1144
f 1125 1126 1146
f 1125 1146 1145
f 1126 1127 1147
f 1126 1147 1146
f 1127 1128 1148
f 1127 1148 1147
f 1128 1129 1149
f 1128 1149 1148
f 1129 1130 1150
f 1129 1150 1149
f 1130 1131 1151
f 1130 1151 1150
f 1131 1132 1152
f 1131 1152 1151
f 1132 1113 1133
f 1132 1133 1152
o Nose
usemtl fur_dark
v 0.000000 -0.625000 3.150000
v 0.000000 -0.625000 3.150000
v 0.000000 -0.625000 3.150000
v 0.000000 -0.625000 3.150000
v 0.000000 -0.625000 3.150000
v 0.000000 -0.625000 3.150000
v 0.000000 -0.625000 3.150000
v 0.000000 -0.625000 3.150000
v 0.000000 -0.625000 3.150000
v 0.000000 -0.625000 3.150000
v 0.000000 -0.625000 3.150000
v 0.000000 -0.625000 3.150000
v 0.000000 -0.625000 3.150000
v 0.000000 -0.625000 3.150000
v 0.000000 -0.625000 3.150000
v 0.000000 -0.625000 3.150000
v 0.000000 -0.625000 3.150000
v 0.000000 -0.625000 3.150000
v 0.000000 -0.625000 3.150000
v 0.000000 -0.625000 3.150000
v 0.049176 -0.625000 3.145570
v 0.046769 -0.617002 3.145570
v 0.039784 -0.609787 3.145570
v 0.028905 -0.604061 3.145570
v 0.015196 -0.600385 3.145570
v 0.000000 -0.599118 3.145570
v -0.015196 -0.600385 3.145570
v -0.028905 -0.604061 3.145570
v -0.039784 -0.609787 3.145570
v -0.046769 -0.617002 3.145570
v -0.049176 -0.625000 3.145570
v -0.046769 -0.632998 3.145570
v -0.039784 -0.640213 3.145570
v -0.028905 -0.645939 3.145570
v -0.015196 -0.649615 3.145570
v -0.000000 -0.650882 3.145570
v 0.015196 -0.649615 3.145570
v 0.028905 -0.645939 3.145570
v 0.039784 -0.640213 3.145570
v 0.046769 -0.632998 3.145570
v 0.095000 -0.625000 3.132583
v 0.090350 -0.609549 3.132583
v 0.076857 -0.595611 3.132583
v 0.055840 -0.584549 3.132583
v 0.029357 -0.577447 3.132583
v 0.000000 -0.575000 3.132583
v -0.029357 -0.577447 3.132583
v -0.055840 -0.584549 3.132583
v -0.076857 -0.595611 3.132583
v -0.090350 -0.609549 3.132583
v -0.095000 -0.625000 3.132583
v -0.090350 -0.640451 3.132583
v -0.076857 -0.654389 3.132583
v -0.055840 -0.665451 3.132583
v -0.029357 -0.672553 3.132583
v -0.000000 -0.675000 3.132583
v 0.029357 -0.672553 3.132583
v 0.055840 -0.665451 3.132583
v 0.076857 -0.654389 3.132583
v 0.090350 -0.640451 3.132583
v 0.134350 -0.625000 3.111924
v 0.127775 -0.603149 3.111924
v 0.108692 -0.583437 3.111924
v 0.078969 -0.567794 3.111924
v 0.041517 -0.557750 3.111924
v 0.000000 -0.554289 3.111924
v -0.041517 -0.557750 3.111924
v -0.078969 -0.567794 3.111924
v -0.108692 -0.583437 3.111924
v -0.127775 -0.603149 3.111924
v -0.134350 -0.625000 3.111924
v -0.127775 -0.646851 3.111924
v -0.108692 -0.666563 3.111924
v -0.078969 -0.682206 3.111924
v -0.041517 -0.692250 3.111924
v -0.000000 -0.695711 3.111924
v 0.041517 -0.692250 3.111924
v 0.078969 -0.682206 3.111924
v 0.108692 -0.666563 3.111924
v 0.127775 -0.646851 3.111924
v 0.164545 -0.625000 3.085000
v 0.156491 -0.598238 3.085000
v 0.133120 -0.574096 3.085000
v 0.096717 -0.554937 3.085000
v 0.050847 -0.542636 3.085000
v 0.000000 -0.538397 3.085000
v -0.050847 -0.542636 3.085000
v -0.096717 -0.554937 3.085000
v -0.133120 -0.574096 3.085000
v -0.156491 -0.598238 3.085000
v -0.164545 -0.625000 3.085000
v -0.156491 -0.651762 3.085000
v -0.133120 -0.675904 3.085000
v -0.096717 -0.695063 3.085000
v -0.050847 -0.707364 3.085000
v -0.000000 -0.711603 3.085000
v 0.050847 -0.707364 3.085000
v 0.096717 -0.695063 3.085000
v 0.133120 -0.675904 3.085000
v 0.156491 -0.651762 3.085000
v 0.183526 -0.625000 3.053646
v 0.174544 -0.595151 3.053646
v 0.148476 -0.568224 3.053646
v 0.107874 -0.546855 3.053646
v 0.056713 -0.533135 3.053646
v 0.000000 -0.528407 3.053646
v -0.056713 -0.533135 3.053646
v -0.107874 -0.546855 3.053646
v -0.148476 -0.568224 3.053646
v -0.174544 -0.595151 3.053646
v -0.183526 -0.625000 3.053646
v -0.174544 -0.654849 3.053646
v -0.148476 -0.681776 3.053646
v -0.107874 -0.703145 3.053646
v -0.056713 -0.716865 3.053646
v -0.000000 -0.721593 3.053646
v 0.056713 -0.716865 3.053646
v 0.107874 -0.703145 3.053646
v 0.148476 -0.681776 3.053646
v 0.174544 -0.654849 3.053646
v 0.190000 -0.625000 3.020000
v 0.180701 -0.594098 3.020000
v 0.153713 -0.566221 3.020000
v 0.111679 -0.544098 3.020000
v 0.058713 -0.529894 3.020000
v 0.000000 -0.525000 3.020000
v -0.058713 -0.529894 3.020000
v -0.111679 -0.544098 3.020000
v -0.153713 -0.566221 3.020000
v -0.180701 -0.594098 3.020000
v -0.190000 -0.625000 3.020000
v -0.180701 -0.655902 3.020000
v -0.153713 -0.683779 3.020000
v -0.111679 -0.705902 3.020000
v -0.058713 -0.720106 3.020000
v -0.000000 -0.725000 3.020000
v 0.058713 -0.720106 3.020000
v 0.111679 -0.705902 3.020000
v 0.153713 -0.683779 3.020000
v 0.180701 -0.655902 3.020000
v 0.183526 -0.625000 2.986354
v 0.174544 -0.595151 2.986354
v 0.148476 -0.568224 2.986354
v 0.107874 -0.546855 2.986354
v 0.056713 -0.533135 2.986354
v 0.000000 -0.528407 2.986354
v -0.056713 -0.533135 2.986354
v -0.107874 -0.546855 2.986354
v -0.148476 -0.568224 2.986354
v -0.174544 -0.595151 2.986354
v -0.183526 -0.625000 2.986354
v -0.174544 -0.654849 2.986354
v -0.148476 -0.681776 2.986354
v -0.107874 -0.703145 2.986354
v -0.056713 -0.716865 2.986354
v -0.000000 -0.721593 2.986354
v 0.056713 -0.716865 2.986354
v 0.107874 -0.703145 2.986354
v 0.148476 -0.681776 2.986354
v 0.174544 -0.654849 2.986354
v 0.164545 -0.625000 2.955000
v 0.156491 -0.598238 2.955000
v 0.133120 -0.574096 2.955000
v 0.096717 -0.554937 2.955000
v 0.050847 -0.542636 2.955000
v 0.000000 -0.538397 2.955000
v -0.050847 -0.542636 2.955000
v -0.096717 -0.554937 2.955000
v -0.133120 -0.574096 2.955000
v -0.156491 -0.598238 2.955000
v -0.164545 -0.625000 2.955000
v -0.156491 -0.651762 2.955000
v -0.133120 -0.675904 2.955000
v -0.096717 -0.695063 2.955000
v -0.050847 -0.707364 2.955000
v -0.000000 -0.711603 2.955000
v 0.050847 -0.707364 2.955000
v 0.096717 -0.695063 2.955000
v 0.133120 -0.675904 2.955000
v 0.156491 -0.651762 2.955000
v 0.134350 -0.625000 2.928076
v 0.127775 -0.603149 2.928076
v 0.108692 -0.583437 2.928076
v 0.078969 -0.567794 2.928076
v 0.041517 -0.557750 2.928076
v 0.000000 -0.554289 2.928076
v -0.041517 -0.557750 2.928076
v -0.078969 -0.567794 2.928076
v -0.108692 -0.583437 2.928076
v -0.127775 -0.603149 2.928076
v -0.134350 -0.625000 2.928076
v -0.127775 -0.646851 2.928076
v -0.108692 -0.666563 2.928076
v -0.078969 -0.682206 2.928076
v -0.041517 -0.692250 2.928076
v -0.000000 -0.695711 2.928076
v 0.041517 -0.692250 2.928076
v 0.078969 -0.682206 2.928076
v 0.108692 -0.666563 2.928076
v 0.127775 -0.646851 2.928076
v 0.095000 -0.625000 2.907417
v 0.090350 -0.609549 2.907417
v 0.076857 -0.595611 2.907417
v 0.055840 -0.584549 2.907417
v 0.029357 -0.577447 2.907417
v 0.000000 -0.575000 2.907417
v -0.029357 -0.577447 2.907417
v -0.055840 -0.584549 2.907417
v -0.076857 -0.595611 2.907417
v -0.090350 -0.609549 2.907417
v -0.095000 -0.625000 2.907417
v -0.090350 -0.640451 2.907417
v -0.076857 -0.654389 2.907417
v -0.055840 -0.665451 2.907417
v -0.029357 -0.672553 2.907417
v -0.000000 -0.675000 2.907417
v 0.029357 -0.672553 2.907417
v 0.055840 -0.665451 2.907417
v 0.076857 -0.654389 2.907417
v 0.090350 -0.640451 2.907417
v 0.049176 -0.625000 2.894430
v 0.046769 -0.617002 2.894430
v 0.039784 -0.609787 2.894430
v 0.028905 -0.604061 2.894430
v 0.015196 -0.600385 2.894430
v 0.000000 -0.599118 2.894430
v -0.015196 -0.600385 2.894430
v -0.028905 -0.604061 2.894430
v -0.039784 -0.609787 2.894430
v -0.046769 -0.617002 2.894430
v -0.049176 -0.625000 2.894430
v -0.046769 -0.632998 2.894430
v -0.039784 -0.640213 2.894430
v -0.028905 -0.645939 2.894430
v -0.015196 -0.649615 2.894430
v -0.000000 -0.650882 2.894430
v 0.015196 -0.649615 2.894430
v 0.028905 -0.645939 2.894430
v 0.039784 -0.640213 2.894430
v 0.046769 -0.632998 2.894430
v 0.000000 -0.625000 2.890000
v 0.000000 -0.625000 2.890000
v 0.000000 -0.625000 2.890000
v 0.000000 -0.625000 2.890000
v 0.000000 -0.625000 2.890000
v 0.000000 -0.625000 2.890000
v -0.000000 -0.625000 2.890000
v -0.000000 -0.625000 2.890000
v -0.000000 -0.625000 2.890000
v -0.000000 -0.625000 2.890000
v -0.000000 -0.625000 2.890000
v -0.000000 -0.625000 2.890000
v -0.000000 -0.625000 2.890000
v -0.000000 -0.625000 2.890000
v -0.000000 -0.625000 2.890000
v -0.000000 -0.625000 2.890000
v 0.000000 -0.625000 2.890000
v 0.000000 -0.625000 2.890000
v 0.000000 -0.625000 2.890000
v 0.000000 -0.625000 2.890000
f 1153 1154 1174
f 1153 1174 1173
f 1154 1155 1175
f 1154 1175 1174
f 1155 1156 1176
f 1155 1176 1175
f 1156 1157 1177
f 1156 1177 1176
f 1157 1158 1178
f 1157 1178 1177
f 1158 1159 1179
f 1158 1179 1178
f 1159 1160 1180
f 1159 1180 1179
f 1160 1161 1181
f 1160 1181 1180
f 1161 1162 1182
f 1161 1182 1181
f 1162 1163 1183
f 1162 1183 1182
f 1163 1164 1184
f 1163 1184 1183
f 1164 1165 1185
f 1164 1185 1184
f 1165 1166 1186
f 1165 1186 1185
f 1166 1167 1187
f 1166 1187 1186
f 1167 1168 1188
f 1167 1188 1187
f 1168 1169 1189
f 1168 1189 1188
f 1169 1170 1190
f 1169 1190 1189
f 1170 1171 1191
f 1170 1191 1190
f 1171 1172 1192
f 1171 1192 1191
f 1172 1153 1173
f 1172 1173 1192
f 1173 1174 1194
f 1173 1194 1193
f 1174 1175 1195
f 1174 1195 1194
f 1175 1176 1196
f 1175 1196 1195
f 1176 1177 1197
f 1176 1197 1196
f 1177 1178 1198
f 1177 1198 1197
f 1178 1179 1199
f 1178 1199 1198
f 1179 1180 1200
f 1179 1200 1199
f 1180 1181 1201
f 1180 1201 1200
f 1181 1182 1202
f 1181 1202 1201
f 1182 1183 1203
f 1182 1203 1202
f 1183 1184 1204
f 1183 1204 1203
f 1184 1185 1205
f 1184 1205 1204
f 1185 1186 1206
f 1185 1206 1205
f 1186 1187 1207
f 1186 1207 1206
f 1187 1188 1208
f 1187 1208 1207
f 1188 1189 1209
f 1188 1209 1208
f 1189 1190 1210
f 1189 1210 1209
f 1190 1191 1211
f 1190 1211 1210
f 1191 1192 1212
f 1191 1212 1211
f 1192 1173 1193
f 1192 1193 1212
f 1193 1194 1214
f 1193 1214 1213
f 1194 1195 1215
f 1194 1215 1214
f 1195 1196 1216
f 1195 1216 1215
f 1196 1197 1217
f 1196 1217 1216
f 1197 1198 1218
f 1197 1218 1217
f 1198 1199 1219
f 1198 1219 1218
f 1199 1200 1220
f 1199 1220 1219
f 1200 1201 1221
f 1200 1221 1220
f 1201 1202 1222
f 1201 1222 1221
f 1202 1203 1223
f 1202 1223 1222
f 1203 1204 1224
f 1203 1224 1223
f 1204 1205 1225
f 1204 1225 1224
f 1205 1206 1226
f 1205 1226 1225
f 1206 1207 1227
f 1206 1227 1226
f 1207 1208 1228
f 1207 1228 1227
f 1208 1209 1229
f 1208 1229 1228
f 1209 1210 1230
f 1209 1230 1229
f 1210 1211 1231
f 1210 1231 1230
f 1211 1212 1232
f 1211 1232 1231
f 1212 1193 1213
f 1212 1213 1232
f 1213 1214 1234
f 1213 1234 1233
f 1214 1215 1235
f 1214 1235 1234
f 1215 1216 1236
f 1215 1236 1235
f 1216 1217 1237
f 1216 1237 1236
f 1217 1218 1238
f 1217 1238 1237
f 1218 1219 1239
f 1218 1239 1238
f 1219 1220 1240
f 1219 1240 1239
f 1220 1221 1241
f 1220 1241 1240
f 1221 1222 1242
f 1221 1242 1241
f 1222 1223 1243
f 1222 1243 1242
f 1223 1224 1244
f 1223 1244 1243
f 1224 1225 1245
f 1224 1245 1244
f 1225 1226 1246
f 1225 1246 1245
f 1226 1227 1247
f 1226 1247 1246
f 1227 1228 1248
f 1227 1248 1247
f 1228 1229 1249
f 1228 1249 1248
f 1229 1230 1250
f 1229 1250 1249
f 1230 1231 1251
f 1230 1251 1250
f 1231 1232 1252
f 1231 1252 1251
f 1232 1213 1233
f 1232 1233 1252
f 1233 1234 1254
f 1233 1254 1253
f 1234 1235 1255
f 1234 1255 1254
f 1235 1236 1256
f 1235 1256 1255
f 1236 1237 1257
f 1236 1257 1256
f 1237 1238 1258
f 1237 1258 1257
f 1238 1239 1259
f 1238 1259 1258
f 1239 1240 1260
f 1239 1260 1259
f 1240 1241 1261
f 1240 1261 1260
f 1241 1242 1262
f 1241 1262 1261
f 1242 1243 1263
f 1242 1263 1262
f 1243 1244 1264
f 1243 1264 1263
f 1244 1245 1265
f 1244 1265 1264
f 1245 1246 1266
f 1245 1266 1265
f 1246 1247 1267
f 1246 1267 1266
f 1247 1248 1268
f 1247 1268 1267
f 1248 1249 1269
f 1248 1269 1268
f 1249 1250 1270
f 1249 1270 1269
f 1250 1251 1271
f 1250 1271 1270
f 1251 1252 1272
f 1251 1272 1271
f 1252 1233 1253
f 1252 1253 1272
f 1253 1254 1274
f 1253 1274 1273
f 1254 1255 1275
f 1254 1275 1274
f 1255 1256 1276
f 1255 1276 1275
f 1256 1257 1277
f 1256 1277 1276
f 1257 1258 1278
f 1257 1278 1277
f 1258 1259 1279
f 1258 1279 1278
f 1259 1260 1280
f 1259 1280 1279
f 1260 1261 1281
f 1260 1281 1280
f 1261 1262 1282
f 1261 1282 1281
f 1262 1263 1283
f 1262 1283 1282
f 1263 1264 1284
f 1263 1284 1283
f 1264 1265 1285
f 1264 1285 1284
f 1265 1266 1286
f 1265 1286 1285
f 1266 1267 1287
f 1266 1287 1286
f 1267 1268 1288
f 1267 1288 1287
f 1268 1269 1289
f 1268 1289 1288
f 1269 1270 1290
f 1269 1290 1289
f 1270 1271 1291
f 1270 1291 1290
f 1271 1272 1292
f 1271 1292 1291
f 1272 1253 1273
f 1272 1273 1292
f 1273 1274 1294
f 1273 1294 1293
f 1274 1275 1295
f 1274 1295 1294
f 1275 1276 1296
f 1275 1296 1295
f 1276 1277 1297
f 1276 1297 1296
f 1277 1278 1298
f 1277 1298 1297
f 1278 1279 1299
f 1278 1299 1298
f 1279 1280 1300
f 1279 1300 1299
f 1280 1281 1301
f 1280 1301 1300
f 1281 1282 1302
f 1281 1302 1301
f 1282 1283 1303
f 1282 1303 1302
f 1283 1284 1304
f 1283 1304 1303
f 1284 1285 1305
f 1284 1305 1304
f 1285 1286 1306
f 1285 1306 1305
f 1286 1287 1307
f 1286 1307 1306
f 1287 1288 1308
f 1287 1308 1307
f 1288 1289 1309
f 1288 1309 1308
f 1289 1290 1310
f 1289 1310 1309
f 1290 1291 1311
f 1290 1311 1310
f 1291 1292 1312
f 1291 1312 1311
f 1292 1273 1293
f 1292 1293 1312
f 1293 1294 1314
f 1293 1314 1313
f 1294 1295 1315
f 1294 1315 1314
f 1295 1296 1316
f 1295 1316 1315
f 1296 1297 1317
f 1296 1317 1316
f 1297 1298 1318
f 1297 1318 1317
f 1298 1299 1319
f 1298 1319 1318
f 1299 1300 1320
f 1299 1320 1319
f 1300 1301 1321
f 1300 1321 1320
f 1301 1302 1322
f 1301 1322 1321
f 1302 1303 1323
f 1302 1323 1322
f 1303 1304 1324
f 1303 1324 1323
f 1304 1305 1325
f 1304 1325 1324
f 1305 1306 1326
f 1305 1326 1325
f 1306 1307 1327
f 1306 1327 1326
f 1307 1308 1328
f 1307 1328 1327
f 1308 1309 1329
f 1308 1329 1328
f 1309 1310 1330
f 1309 1330 1329
f 1310 1311 1331
f 1310 1331 1330
f 1311 1312 1332
f 1311 1332 1331
f 1312 1293 1313
f 1312 1313 1332
f 1313 1314 1334
f 1313 1334 1333
f 1314 1315 1335
f 1314 1335 1334
f 1315 1316 1336
f 1315 1336 1335
f 1316 1317 1337
f 1316 1337 1336
f 1317 1318 1338
f 1317 1338 1337
f 1318 1319 1339
f 1318 1339 1338
f 1319 1320 1340
f 1319 1340 1339
f 1320 1321 1341
f 1320 1341 1340
f 1321 1322 1342
f 1321 1342 1341
f 1322 1323 1343
f 1322 1343 1342
f 1323 1324 1344
f 1323 1344 1343
f 1324 1325 1345
f 1324 1345 1344
f 1325 1326 1346
f 1325 1346 1345
f 1326 1327 1347
f 1326 1347 1346
f 1327 1328 1348
f 1327 1348 1347
f 1328 1329 1349
f 1328 1349 1348
f 1329 1330 1350
f 1329 1350 1349
f 1330 1331 1351
f 1330 1351 1350
f 1331 1332 1352
f 1331 1352 1351
f 1332 1313 1333
f 1332 1333 1352
f 1333 1334 1354
f 1333 1354 1353
f 1334 1335 1355
f 1334 1355 1354
f 1335 1336 1356
f 1335 1356 1355
f 1336 1337 1357
f 1336 1357 1356
f 1337 1338 1358
f 1337 1358 1357
f 1338 1339 1359
f 1338 1359 1358
f 1339 1340 1360
f 1339 1360 1359
f 1340 1341 1361
f 1340 1361 1360
f 1341 1342 1362
f 1341 1362 1361
f 1342 1343 1363
f 1342 1363 1362
f 1343 1344 1364
f 1343 1364 1363
f 1344 1345 1365
f 1344 1365 1364
f 1345 1346 1366
f 1345 1366 1365
f 1346 1347 1367
f 1346 1367 1366
f 1347 1348 1368
f 1347 1368 1367
f 1348 1349 1369
f 1348 1369 1368
f 1349 1350 1370
f 1349 1370 1369
f 1350 1351 1371
f 1350 1371 1370
f 1351 1352 1372
f 1351 1372 1371
f 1352 1333 1353
f 1352 1353 1372
f 1353 1354 1374
f 1353 1374 1373
f 1354 1355 1375
f 1354 1375 1374
f 1355 1356 1376
f 1355 1376 1375
f 1356 1357 1377
f 1356 1377 1376
f 1357 1358 1378
f 1357 1378 1377
f 1358 1359 1379
f 1358 1379 1378
f 1359 1360 1380
f 1359 1380 1379
f 1360 1361 1381
f 1360 1381 1380
f 1361 1362 1382
f 1361 1382 1381
f 1362 1363 1383
f 1362 1383 1382
f 1363 1364 1384
f 1363 1384 1383
f 1364 1365 1385
f 1364 1385 1384
f 1365 1366 1386
f 1365 1386 1385
f 1366 1367 1387
f 1366 1387 1386
f 1367 1368 1388
f 1367 1388 1387
f 1368 1369 1389
f 1368 1389 1388
f 1369 1370 1390
f 1369 1390 1389
f 1370 1371 1391
f 1370 1391 1390
f 1371 1372 1392
f 1371 1392 1391
f 1372 1353 1373
f 1372 1373 1392
f 1373 1374 1394
f 1373 1394 1393
f 1374 1375 1395
f 1374 1395 1394
f 1375 1376 1396
f 1375 1396 1395
f 1376 1377 1397
f 1376 1397 1396
f 1377 1378 1398
f 1377 1398 1397
f 1378 1379 1399
f 1378 1399 1398
f 1379 1380 1400
f 1379 1400 1399
f 1380 1381 1401
f 1380 1401 1400
f 1381 1382 1402
f 1381 1402 1401
f 1382 1383 1403
f 1382 1403 1402
f 1383 1384 1404
f 1383 1404 1403
f 1384 1385 1405
f 1384 1405 1404
f 1385 1386 1406
f 1385 1406 1405
f 1386 1387 1407
f 1386 1407 1406
f 1387 1388 1408
f 1387 1408 1407
f 1388 1389 1409
f 1388 1409 1408
f 1389 1390 1410
f 1389 1410 1409
f 1390 1391 1411
f 1390 1411 1410
f 1391 1392 1412
f 1391 1412 1411
f 1392 1373 1393
f 1392 1393 1412
o Eye_L
usemtl shirt
v -0.570000 -0.380000 3.430000
v -0.130000 -0.380000 3.360000
v -0.160000 -0.380000 3.550000
v -0.530000 -0.380000 3.610000
v -0.570000 -0.340000 3.430000
v -0.130000 -0.340000 3.360000
v -0.160000 -0.340000 3.550000
v -0.530000 -0.340000 3.610000
f 1416 1413 1414
f 1414 1415 1416
f 1418 1417 1420
f 1420 1419 1418
f 1413 1417 1418
f 1413 1418 1414
f 1414 1418 1419
f 1414 1419 1415
f 1415 1419 1420
f 1415 1420 1416
f 1416 1420 1417
f 1416 1417 1413
o Eye_R
usemtl shirt
v 0.530000 -0.380000 3.610000
v 0.160000 -0.380000 3.550000
v 0.130000 -0.380000 3.360000
v 0.570000 -0.380000 3.430000
v 0.530000 -0.340000 3.610000
v 0.160000 -0.340000 3.550000
v 0.130000 -0.340000 3.360000
v 0.570000 -0.340000 3.430000
f 1424 1421 1422
f 1422 1423 1424
f 1426 1425 1428
f 1428 1427 1426
f 1421 1425 1426
f 1421 1426 1422
f 1422 1426 1427
f 1422 1427 1423
f 1423 1427 1428
f 1423 1428 1424
f 1424 1428 1425
f 1424 1425 1421
o Pupil_L
usemtl fur_dark
v -0.290000 -0.395000 3.525000
v -0.290000 -0.395000 3.525000
v -0.290000 -0.395000 3.525000
v -0.290000 -0.395000 3.525000
v -0.290000 -0.395000 3.525000
v -0.290000 -0.395000 3.525000
v -0.290000 -0.395000 3.525000
v -0.290000 -0.395000 3.525000
v -0.290000 -0.395000 3.525000
v -0.290000 -0.395000 3.525000
v -0.290000 -0.395000 3.525000
v -0.290000 -0.395000 3.525000
v -0.290000 -0.395000 3.525000
v -0.290000 -0.395000 3.525000
v -0.290000 -0.395000 3.525000
v -0.290000 -0.395000 3.525000
v -0.274549 -0.395000 3.521329
v -0.275725 -0.392871 3.521329
v -0.279075 -0.391067 3.521329
v -0.284087 -0.389861 3.521329
v -0.290000 -0.389438 3.521329
v -0.295913 -0.389861 3.521329
v -0.300925 -0.391067 3.521329
v -0.304275 -0.392871 3.521329
v -0.305451 -0.395000 3.521329
v -0.304275 -0.397129 3.521329
v -0.300925 -0.398933 3.521329
v -0.295913 -0.400139 3.521329
v -0.290000 -0.400562 3.521329
v -0.284087 -0.400139 3.521329
v -0.279075 -0.398933 3.521329
v -0.275725 -0.397129 3.521329
v -0.260611 -0.395000 3.510676
v -0.262848 -0.390951 3.510676
v -0.269219 -0.387519 3.510676
v -0.278753 -0.385225 3.510676
v -0.290000 -0.384420 3.510676
v -0.301247 -0.385225 3.510676
v -0.310781 -0.387519 3.510676
v -0.317152 -0.390951 3.510676
v -0.319389 -0.395000 3.510676
v -0.317152 -0.399049 3.510676
v -0.310781 -0.402481 3.510676
v -0.301247 -0.404775 3.510676
v -0.290000 -0.405580 3.510676
v -0.278753 -0.404775 3.510676
v -0.269219 -0.402481 3.510676
v -0.262848 -0.399049 3.510676
v -0.249549 -0.395000 3.494084
v -0.252628 -0.389427 3.494084
v -0.261397 -0.384703 3.494084
v -0.274520 -0.381546 3.494084
v -0.290000 -0.380438 3.494084
v -0.305480 -0.381546 3.494084
v -0.318603 -0.384703 3.494084
v -0.327372 -0.389427 3.494084
v -0.330451 -0.395000 3.494084
v -0.327372 -0.400573 3.494084
v -0.318603 -0.405297 3.494084
v -0.305480 -0.408454 3.494084
v -0.290000 -0.409562 3.494084
v -0.274520 -0.408454 3.494084
v -0.261397 -0.405297 3.494084
v -0.252628 -0.400573 3.494084
v -0.242447 -0.395000 3.473176
v -0.246067 -0.388449 3.473176
v -0.256375 -0.382895 3.473176
v -0.271802 -0.379184 3.473176
v -0.290000 -0.377881 3.473176
v -0.308198 -0.379184 3.473176
v -0.323625 -0.382895 3.473176
v -0.333933 -0.388449 3.473176
v -0.337553 -0.395000 3.473176
v -0.333933 -0.401551 3.473176
v -0.323625 -0.407105 3.473176
v -0.308198 -0.410816 3.473176
v -0.290000 -0.412119 3.473176
v -0.271802 -0.410816 3.473176
v -0.256375 -0.407105 3.473176
v -0.246067 -0.401551 3.473176
v -0.240000 -0.395000 3.450000
v -0.243806 -0.388112 3.450000
v -0.254645 -0.382272 3.450000
v -0.270866 -0.378370 3.450000
v -0.290000 -0.377000 3.450000
v -0.309134 -0.378370 3.450000
v -0.325355 -0.382272 3.450000
v -0.336194 -0.388112 3.450000
v -0.340000 -0.395000 3.450000
v -0.336194 -0.401888 3.450000
v -0.325355 -0.407728 3.450000
v -0.309134 -0.411630 3.450000
v -0.290000 -0.413000 3.450000
v -0.270866 -0.411630 3.450000
v -0.254645 -0.407728 3.450000
v -0.243806 -0.401888 3.450000
v -0.242447 -0.395000 3.426824
v -0.246067 -0.388449 3.426824
v -0.256375 -0.382895 3.426824
v -0.271802 -0.379184 3.426824
v -0.290000 -0.377881 3.426824
v -0.308198 -0.379184 3.426824
v -0.323625 -0.382895 3.426824
v -0.333933 -0.388449 3.426824
v -0.337553 -0.395000 3.426824
v -0.333933 -0.401551 3.426824
v -0.323625 -0.407105 3.426824
v -0.308198 -0.410816 3.426824
v -0.290000 -0.412119 3.426824
v -0.271802 -0.410816 3.426824
v -0.256375 -0.407105 3.426824
v -0.246067 -0.401551 3.426824
v -0.249549 -0.395000 3.405916
v -0.252628 -0.389427 3.405916
v -0.261397 -0.384703 3.405916
v -0.274520 -0.381546 3.405916
v -0.290000 -0.380438 3.405916
v -0.305480 -0.381546 3.405916
v -0.318603 -0.384703 3.405916
v -0.327372 -0.389427 3.405916
v -0.330451 -0.395000 3.405916
v -0.327372 -0.400573 3.405916
v -0.318603 -0.405297 3.405916
v -0.305480 -0.408454 3.405916
v -0.290000 -0.409562 3.405916
v -0.274520 -0.408454 3.405916
v -0.261397 -0.405297 3.405916
v -0.252628 -0.400573 3.405916
v -0.260611 -0.395000 3.389324
v -0.262848 -0.390951 3.389324
v -0.269219 -0.387519 3.389324
v -0.278753 -0.385225 3.389324
v -0.290000 -0.384420 3.389324
v -0.301247 -0.385225 3.389324
v -0.310781 -0.387519 3.389324
v -0.317152 -0.390951 3.389324
v -0.319389 -0.395000 3.389324
v -0.317152 -0.399049 3.389324
v -0.310781 -0.402481 3.389324
v -0.301247 -0.404775 3.389324
v -0.290000 -0.405580 3.389324
v -0.278753 -0.404775 3.389324
v -0.269219 -0.402481 3.389324
v -0.262848 -0.399049 3.389324
v -0.274549 -0.395000 3.378671
v -0.275725 -0.392871 3.378671
v -0.279075 -0.391067 3.378671
v -0.284087 -0.389861 3.378671
v -0.290000 -0.389438 3.378671
v -0.295913 -0.389861 3.378671
v -0.300925 -0.391067 3.378671
v -0.304275 -0.392871 3.378671
v -0.305451 -0.395000 3.378671
v -0.304275 -0.397129 3.378671
v -0.300925 -0.398933 3.378671
v -0.295913 -0.400139 3.378671
v -0.290000 -0.400562 3.378671
v -0.284087 -0.400139 3.378671
v -0.279075 -0.398933 3.378671
v -0.275725 -0.397129 3.378671
v -0.290000 -0.395000 3.375000
v -0.290000 -0.395000 3.375000
v -0.290000 -0.395000 3.375000
v -0.290000 -0.395000 3.375000
v -0.290000 -0.395000 3.375000
v -0.290000 -0.395000 3.375000
v -0.290000 -0.395000 3.375000
v -0.290000 -0.395000 3.375000
v -0.290000 -0.395000 3.375000
v -0.290000 -0.395000 3.375000
v -0.290000 -0.395000 3.375000
v -0.290000 -0.395000 3.375000
v -0.290000 -0.395000 3.375000
v -0.290000 -0.395000 3.375000
v -0.290000 -0.395000 3.375000
v -0.290000 -0.395000 3.375000
f 1429 1430 1446
f 1429 1446 1445
f 1430 1431 1447
f 1430 1447 1446
f 1431 1432 1448
f 1431 1448 1447
f 1432 1433 1449
f 1432 1449 1448
f 1433 1434 1450
f 1433 1450 1449
f 1434 1435 1451
f 1434 1451 1450
f 1435 1436 1452
f 1435 1452 1451
f 1436 1437 1453
f 1436 1453 1452
f 1437 1438 1454
f 1437 1454 1453
f 1438 1439 1455
f 1438 1455 1454
f 1439 1440 1456
f 1439 1456 1455
f 1440 1441 1457
f 1440 1457 1456
f 1441 1442 1458
f 1441 1458 1457
f 1442 1443 1459
f 1442 1459 1458
f 1443 1444 1460
f 1443 1460 1459
f 1444 1429 1445
f 1444 1445 1460
f 1445 1446 1462
f 1445 1462 1461
f 1446 1447 1463
f 1446 1463 1462
f 1447 1448 1464
f 1447 1464 1463
f 1448 1449 1465
f 1448 1465 1464
f 1449 1450 1466
f 1449 1466 1465
f 1450 1451 1467
f 1450 1467 1466
f 1451 1452 1468
f 1451 1468 1467
f 1452 1453 1469
f 1452 1469 1468
f 1453 1454 1470
f 1453 1470 1469
f 1454 1455 1471
f 1454 1471 1470
f 1455 1456 1472
f 1455 1472 1471
f 1456 1457 1473
f 1456 1473 1472
f 1457 1458 1474
f 1457 1474 1473
f 1458 1459 1475
f 1458 1475 1474
f 1459 1460 1476
f 1459 1476 1475
f 1460 1445 1461
f 1460 1461 1476
f 1461 1462 1478
f 1461 1478 1477
f 1462 1463 1479
f 1462 1479 1478
f 1463 1464 1480
f 1463 1480 1479
f 1464 1465 1481
f 1464 1481 1480
f 1465 1466 1482
f 1465 1482 1481
f 1466 1467 1483
f 1466 1483 1482
f 1467 1468 1484
f 1467 1484 1483
f 1468 1469 1485
f 1468 1485 1484
f 1469 1470 1486
f 1469 1486 1485
f 1470 1471 1487
f 1470 1487 1486
f 1471 1472 1488
f 1471 1488 1487
f 1472 1473 1489
f 1472 1489 1488
f 1473 1474 1490
f 1473 1490 1489
f 1474 1475 1491
f 1474 1491 1490
f 1475 1476 1492
f 1475 1492 1491
f 1476 1461 1477
f 1476 1477 1492
f 1477 1478 1494
f 1477 1494 1493
f 1478 1479 1495
f 1478 1495 1494
f 1479 1480 1496
f 1479 1496 1495
f 1480 1481 1497
f 1480 1497 1496
f 1481 1482 1498
f 1481 1498 1497
f 1482 1483 1499
f 1482 1499 1498
f 1483 1484 1500
f 1483 1500 1499
f 1484 1485 1501
f 1484 1501 1500
f 1485 1486 1502
f 1485 1502 1501
f 1486 1487 1503
f 1486 1503 1502
f 1487 1488 1504
f 1487 1504 1503
f 1488 1489 1505
f 1488 1505 1504
f 1489 1490 1506
f 1489 1506 1505
f 1490 1491 1507
f 1490 1507 1506
f 1491 1492 1508
f 1491 1508 1507
f 1492 1477 1493
f 1492 1493 1508
f 1493 1494 1510
f 1493 1510 1509
f 1494 1495 1511
f 1494 1511 1510
f 1495 1496 1512
f 1495 1512 1511
f 1496 1497 1513
f 1496 1513 1512
f 1497 1498 1514
f 1497 1514 1513
f 1498 1499 1515
f 1498 1515 1514
f 1499 1500 1516
f 1499 1516 1515
f 1500 1501 1517
f 1500 1517 1516
f 1501 1502 1518
f 1501 1518 1517
f 1502 1503 1519
f 1502 1519 1518
f 1503 1504 1520
f 1503 1520 1519
f 1504 1505 1521
f 1504 1521 1520
f 1505 1506 1522
f 1505 1522 1521
f 1506 1507 1523
f 1506 1523 1522
f 1507 1508 1524
f 1507 1524 1523
f 1508 1493 1509
f 1508 1509 1524
f 1509 1510 1526
f 1509 1526 1525
f 1510 1511 1527
f 1510 1527 1526
f 1511 1512 1528
f 1511 1528 1527
f 1512 1513 1529
f 1512 1529 1528
f 1513 1514 1530
f 1513 1530 1529
f 1514 1515 1531
f 1514 1531 1530
f 1515 1516 1532
f 1515 1532 1531
f 1516 1517 1533
f 1516 1533 1532
f 1517 1518 1534
f 1517 1534 1533
f 1518 1519 1535
f 1518 1535 1534
f 1519 1520 1536
f 1519 1536 1535
f 1520 1521 1537
f 1520 1537 1536
f 1521 1522 1538
f 1521 1538 1537
f 1522 1523 1539
f 1522 1539 1538
f 1523 1524 1540
f 1523 1540 1539
f 1524 1509 1525
f 1524 1525 1540
f 1525 1526 1542
f 1525 1542 1541
f 1526 1527 1543
f 1526 1543 1542
f 1527 1528 1544
f 1527 1544 1543
f 1528 1529 1545
f 1528 1545 1544
f 1529 1530 1546
f 1529 1546 1545
f 1530 1531 1547
f 1530 1547 1546
f 1531 1532 1548
f 1531 1548 1547
f 1532 1533 1549
f 1532 1549 1548
f 1533 1534 1550
f 1533 1550 1549
f 1534 1535 1551
f 1534 1551 1550
f 1535 1536 1552
f 1535 1552 1551
f 1536 1537 1553
f 1536 1553 1552
f 1537 1538 1554
f 1537 1554 1553
f 1538 1539 1555
f 1538 1555 1554
f 1539 1540 1556
f 1539 1556 1555
f 1540 1525 1541
f 1540 1541 1556
f 1541 1542 1558
f 1541 1558 1557
f 1542 1543 1559
f 1542 1559 1558
f 1543 1544 1560
f 1543 1560 1559
f 1544 1545 1561
f 1544 1561 1560
f 1545 1546 1562
f 1545 1562 1561
f 1546 1547 1563
f 1546 1563 1562
f 1547 1548 1564
f 1547 1564 1563
f 1548 1549 1565
f 1548 1565 1564
f 1549 1550 1566
f 1549 1566 1565
f 1550 1551 1567
f 1550 1567 1566
f 1551 1552 1568
f 1551 1568 1567
f 1552 1553 1569
f 1552 1569 1568
f 1553 1554 1570
f 1553 1570 1569
f 1554 1555 1571
f 1554 1571 1570
f 1555 1556 1572
f 1555 1572 1571
f 1556 1541 1557
f 1556 1557 1572
f 1557 1558 1574
f 1557 1574 1573
f 1558 1559 1575
f 1558 1575 1574
f 1559 1560 1576
f 1559 1576 1575
f 1560 1561 1577
f 1560 1577 1576
f 1561 1562 1578
f 1561 1578 1577
f 1562 1563 1579
f 1562 1579 1578
f 1563 1564 1580
f 1563 1580 1579
f 1564 1565 1581
f 1564 1581 1580
f 1565 1566 1582
f 1565 1582 1581
f 1566 1567 1583
f 1566 1583 1582
f 1567 1568 1584
f 1567 1584 1583
f 1568 1569 1585
f 1568 1585 1584
f 1569 1570 1586
f 1569 1586 1585
f 1570 1571 1587
f 1570 1587 1586
f 1571 1572 1588
f 1571 1588 1587
f 1572 1557 1573
f 1572 1573 1588
f 1573 1574 1590
f 1573 1590 1589
f 1574 1575 1591
f 1574 1591 1590
f 1575 1576 1592
f 1575 1592 1591
f 1576 1577 1593
f 1576 1593 1592
f 1577 1578 1594
f 1577 1594 1593
f 1578 1579 1595
f 1578 1595 1594
f 1579 1580 1596
f 1579 1596 1595
f 1580 1581 1597
f 1580 1597 1596
f 1581 1582 1598
f 1581 1598 1597
f 1582 1583 1599
f 1582 1599 1598
f 1583 1584 1600
f 1583 1600 1599
f 1584 1585 1601
f 1584 1601 1600
f 1585 1586 1602
f 1585 1602 1601
f 1586 1587 1603
f 1586 1603 1602
f 1587 1588 1604
f 1587 1604 1603
f 1588 1573 1589
f 1588 1589 1604
o Pupil_R
usemtl fur_dark
v 0.290000 -0.395000 3.525000
v 0.290000 -0.395000 3.525000
v 0.290000 -0.395000 3.525000
v 0.290000 -0.395000 3.525000
v 0.290000 -0.395000 3.525000
v 0.290000 -0.395000 3.525000
v 0.290000 -0.395000 3.525000
v 0.290000 -0.395000 3.525000
v 0.290000 -0.395000 3.525000
v 0.290000 -0.395000 3.525000
v 0.290000 -0.395000 3.525000
v 0.290000 -0.395000 3.525000
v 0.290000 -0.395000 3.525000
v 0.290000 -0.395000 3.525000
v 0.290000 -0.395000 3.525000
v 0.290000 -0.395000 3.525000
v 0.305451 -0.395000 3.521329
v 0.304275 -0.392871 3.521329
v 0.300925 -0.391067 3.521329
v 0.295913 -0.389861 3.521329
v 0.290000 -0.389438 3.521329
v 0.284087 -0.389861 3.521329
v 0.279075 -0.391067 3.521329
v 0.275725 -0.392871 3.521329
v 0.274549 -0.395000 3.521329
v 0.275725 -0.397129 3.521329
v 0.279075 -0.398933 3.521329
v 0.284087 -0.400139 3.521329
v 0.290000 -0.400562 3.521329
v 0.295913 -0.400139 3.521329
v 0.300925 -0.398933 3.521329
v 0.304275 -0.397129 3.521329
v 0.319389 -0.395000 3.510676
v 0.317152 -0.390951 3.510676
v 0.310781 -0.387519 3.510676
v 0.301247 -0.385225 3.510676
v 0.290000 -0.384420 3.510676
v 0.278753 -0.385225 3.510676
v 0.269219 -0.387519 3.510676
v 0.262848 -0.390951 3.510676
v 0.260611 -0.395000 3.510676
v 0.262848 -0.399049 3.510676
v 0.269219 -0.402481 3.510676
v 0.278753 -0.404775 3.510676
v 0.290000 -0.405580 3.510676
v 0.301247 -0.404775 3.510676
v 0.310781 -0.402481 3.510676
v 0.317152 -0.399049 3.510676
v 0.330451 -0.395000 3.494084
v 0.327372 -0.389427 3.494084
v 0.318603 -0.384703 3.494084
v 0.305480 -0.381546 3.494084
v 0.290000 -0.380438 3.494084
v 0.274520 -0.381546 3.494084
v 0.261397 -0.384703 3.494084
v 0.252628 -0.389427 3.494084
v 0.249549 -0.395000 3.494084
v 0.252628 -0.400573 3.494084
v 0.261397 -0.405297 3.494084
v 0.274520 -0.408454 3.494084
v 0.290000 -0.409562 3.494084
v 0.305480 -0.408454 3.494084
v 0.318603 -0.405297 3.494084
v 0.327372 -0.400573 3.494084
v 0.337553 -0.395000 3.473176
v 0.333933 -0.388449 3.473176
v 0.323625 -0.382895 3.473176
v 0.308198 -0.379184 3.473176
v 0.290000 -0.377881 3.473176
v 0.271802 -0.379184 3.473176
v 0.256375 -0.382895 3.473176
v 0.246067 -0.388449 3.473176
v 0.242447 -0.395000 3.473176
v 0.246067 -0.401551 3.473176
v 0.256375 -0.407105 3.473176
v 0.271802 -0.410816 3.473176
v 0.290000 -0.412119 3.473176
v 0.308198 -0.410816 3.473176
v 0.323625 -0.407105 3.473176
v 0.333933 -0.401551 3.473176
v 0.340000 -0.395000 3.450000
v 0.336194 -0.388112 3.450000
v 0.325355 -0.382272 3.450000
v 0.309134 -0.378370 3.450000
v 0.290000 -0.377000 3.450000
v 0.270866 -0.378370 3.450000
v 0.254645 -0.382272 3.450000
v 0.243806 -0.388112 3.450000
v 0.240000 -0.395000 3.450000
v 0.243806 -0.401888 3.450000
v 0.254645 -0.407728 3.450000
v 0.270866 -0.411630 3.450000
v 0.290000 -0.413000 3.450000
v 0.309134 -0.411630 3.450000
v 0.325355 -0.407728 3.450000
v 0.336194 -0.401888 3.450000
v 0.337553 -0.395000 3.426824
v 0.333933 -0.388449 3.426824
v 0.323625 -0.382895 3.426824
v 0.308198 -0.379184 3.426824
v 0.290000 -0.377881 3.426824
v 0.271802 -0.379184 3.426824
v 0.256375 -0.382895 3.426824
v 0.246067 -0.388449 3.426824
v 0.242447 -0.395000 3.426824
v 0.246067 -0.401551 3.426824
v 0.256375 -0.407105 3.426824
v 0.271802 -0.410816 3.426824
v 0.290000 -0.412119 3.426824
v 0.308198 -0.410816 3.426824
v 0.323625 -0.407105 3.426824
v 0.333933 -0.401551 3.426824
v 0.330451 -0.395000 3.405916
v 0.327372 -0.389427 3.405916
v 0.318603 -0.384703 3.405916
v 0.305480 -0.381546 3.405916
v 0.290000 -0.380438 3.405916
v 0.274520 -0.381546 3.405916
v 0.261397 -0.384703 3.405916
v 0.252628 -0.389427 3.405916
v 0.249549 -0.395000 3.405916
v 0.252628 -0.400573 3.405916
v 0.261397 -0.405297 3.405916
v 0.274520 -0.408454 3.405916
v 0.290000 -0.409562 3.405916
v 0.305480 -0.408454 3.405916
v 0.318603 -0.405297 3.405916
v 0.327372 -0.400573 3.405916
v 0.319389 -0.395000 3.389324
v 0.317152 -0.390951 3.389324
v 0.310781 -0.387519 3.389324
v 0.301247 -0.385225 3.389324
v 0.290000 -0.384420 3.389324
v 0.278753 -0.385225 3.389324
v 0.269219 -0.387519 3.389324
v 0.262848 -0.390951 3.389324
v 0.260611 -0.395000 3.389324
v 0.262848 -0.399049 3.389324
v 0.269219 -0.402481 3.389324
v 0.278753 -0.404775 3.389324
v 0.290000 -0.405580 3.389324
v 0.301247 -0.404775 3.389324
v 0.310781 -0.402481 3.389324
v 0.317152 -0.399049 3.389324
v 0.305451 -0.395000 3.378671
v 0.304275 -0.392871 3.378671
v 0.300925 -0.391067 3.378671
v 0.295913 -0.389861 3.378671
v 0.290000 -0.389438 3.378671
v 0.284087 -0.389861 3.378671
v 0.279075 -0.391067 3.378671
v 0.275725 -0.392871 3.378671
v 0.274549 -0.395000 3.378671
v 0.275725 -0.397129 3.378671
v 0.279075 -0.398933 3.378671
v 0.284087 -0.400139 3.378671
v 0.290000 -0.400562 3.378671
v 0.295913 -0.400139 3.378671
v 0.300925 -0.398933 3.378671
v 0.304275 -0.397129 3.378671
v 0.290000 -0.395000 3.375000
v 0.290000 -0.395000 3.375000
v 0.290000 -0.395000 3.375000
v 0.290000 -0.395000 3.375000
v 0.290000 -0.395000 3.375000
v 0.290000 -0.395000 3.375000
v 0.290000 -0.395000 3.375000
v 0.290000 -0.395000 3.375000
v 0.290000 -0.395000 3.375000
v 0.290000 -0.395000 3.375000
v 0.290000 -0.395000 3.375000
v 0.290000 -0.395000 3.375000
v 0.290000 -0.395000 3.375000
v 0.290000 -0.395000 3.375000
v 0.290000 -0.395000 3.375000
v 0.290000 -0.395000 3.375000
f 1605 1606 1622
f 1605 1622 1621
f 1606 1607 1623
f 1606 1623 1622
f 1607 1608 1624
f 1607 1624 1623
f 1608 1609 1625
f 1608 1625 1624
f 1609 1610 1626
f 1609 1626 1625
f 1610 1611 1627
f 1610 1627 1626
f 1611 1612 1628
f 1611 1628 1627
f 1612 1613 1629
f 1612 1629 1628
f 1613 1614 1630
f 1613 1630 1629
f 1614 1615 1631
f 1614 1631 1630
f 1615 1616 1632
f 1615 1632 1631
f 1616 1617 1633
f 1616 1633 1632
f 1617 1618 1634
f 1617 1634 1633
f 1618 1619 1635
f 1618 1635 1634
f 1619 1620 1636
f 1619 1636 1635
f 1620 1605 1621
f 1620 1621 1636
f 1621 1622 1638
f 1621 1638 1637
f 1622 1623 1639
f 1622 1639 1638
f 1623 1624 1640
f 1623 1640 1639
f 1624 1625 1641
f 1624 1641 1640
f 1625 1626 1642
f 1625 1642 1641
f 1626 1627 1643
f 1626 1643 1642
f 1627 1628 1644
f 1627 1644 1643
f 1628 1629 1645
f 1628 1645 1644
f 1629 1630 1646
f 1629 1646 1645
f 1630 1631 1647
f 1630 1647 1646
f 1631 1632 1648
f 1631 1648 1647
f 1632 1633 1649
f 1632 1649 1648
f 1633 1634 1650
f 1633 1650 1649
f 1634 1635 1651
f 1634 1651 1650
f 1635 1636 1652
f 1635 1652 1651
f 1636 1621 1637
f 1636 1637 1652
f 1637 1638 1654
f 1637 1654 1653
f 1638 1639 1655
f 1638 1655 1654
f 1639 1640 1656
f 1639 1656 1655
f 1640 1641 1657
f 1640 1657 1656
f 1641 1642 1658
f 1641 1658 1657
f 1642 1643 1659
f 1642 1659 1658
f 1643 1644 1660
f 1643 1660 1659
f 1644 1645 1661
f 1644 1661 1660
f 1645 1646 1662
f 1645 1662 1661
f 1646 1647 1663
f 1646 1663 1662
f 1647 1648 1664
f 1647 1664 1663
f 1648 1649 1665
f 1648 1665 1664
f 1649 1650 1666
f 1649 1666 1665
f 1650 1651 1667
f 1650 1667 1666
f 1651 1652 1668
f 1651 1668 1667
f 1652 1637 1653
f 1652 1653 1668
f 1653 1654 1670
f 1653 1670 1669
f 1654 1655 1671
f 1654 1671 1670
f 1655 1656 1672
f 1655 1672 1671
f 1656 1657 1673
f 1656 1673 1672
f 1657 1658 1674
f 1657 1674 1673
f 1658 1659 1675
f 1658 1675 1674
f 1659 1660 1676
f 1659 1676 1675
f 1660 1661 1677
f 1660 1677 1676
f 1661 1662 1678
f 1661 1678 1677
f 1662 1663 1679
f 1662 1679 1678
f 1663 1664 1680
f 1663 1680 1679
f 1664 1665 1681
f 1664 1681 1680
f 1665 1666 1682
f 1665 1682 1681
f 1666 1667 1683
f 1666 1683 1682
f 1667 1668 1684
f 1667 1684 1683
f 1668 1653 1669
f 1668 1669 1684
f 1669 1670 1686
f 1669 1686 1685
f 1670 1671 1687
f 1670 1687 1686
f 1671 1672 1688
f 1671 1688 1687
f 1672 1673 1689
f 1672 1689 1688
f 1673 1674 1690
f 1673 1690 1689
f 1674 1675 1691
f 1674 1691 1690
f 1675 1676 1692
f 1675 1692 1691
f 1676 1677 1693
f 1676 1693 1692
f 1677 1678 1694
f 1677 1694 1693
f 1678 1679 1695
f 1678 1695 1694
f 1679 1680 1696
f 1679 1696 1695
f 1680 1681 1697
f 1680 1697 1696
f 1681 1682 1698
f 1681 1698 1697
f 1682 1683 1699
f 1682 1699 1698
f 1683 1684 1700
f 1683 1700 1699
f 1684 1669 1685
f 1684 1685 1700
f 1685 1686 1702
f 1685 1702 1701
f 1686 1687 1703
f 1686 1703 1702
f 1687 1688 1704
f 1687 1704 1703
f 1688 1689 1705
f 1688 1705 1704
f 1689 1690 1706
f 1689 1706 1705
f 1690 1691 1707
f 1690 1707 1706
f 1691 1692 1708
f 1691 1708 1707
f 1692 1693 1709
f 1692 1709 1708
f 1693 1694 1710
f 1693 1710 1709
f 1694 1695 1711
f 1694 1711 1710
f 1695 1696 1712
f 1695 1712 1711
f 1696 1697 1713
f 1696 1713 1712
f 1697 1698 1714
f 1697 1714 1713
f 1698 1699 1715
f 1698 1715 1714
f 1699 1700 1716
f 1699 1716 1715
f 1700 1685 1701
f 1700 1701 1716
f 1701 1702 1718
f 1701 1718 1717
f 1702 1703 1719
f 1702 1719 1718
f 1703 1704 1720
f 1703 1720 1719
f 1704 1705 1721
f 1704 1721 1720
f 1705 1706 1722
f 1705 1722 1721
f 1706 1707 1723
f 1706 1723 1722
f 1707 1708 1724
f 1707 1724 1723
f 1708 1709 1725
f 1708 1725 1724
f 1709 1710 1726
f 1709 1726 1725
f 1710 1711 1727
f 1710 1727 1726
f 1711 1712 1728
f 1711 1728 1727
f 1712 1713 1729
f 1712 1729 1728
f 1713 1714 1730
f 1713 1730 1729
f 1714 1715 1731
f 1714 1731 1730
f 1715 1716 1732
f 1715 1732 1731
f 1716 1701 1717
f 1716 1717 1732
f 1717 1718 1734
f 1717 1734 1733
f 1718 1719 1735
f 1718 1735 1734
f 1719 1720 1736
f 1719 1736 1735
f 1720 1721 1737
f 1720 1737 1736
f 1721 1722 1738
f 1721 1738 1737
f 1722 1723 1739
f 1722 1739 1738
f 1723 1724 1740
f 1723 1740 1739
f 1724 1725 1741
f 1724 1741 1740
f 1725 1726 1742
f 1725 1742 1741
f 1726 1727 1743
f 1726 1743 1742
f 1727 1728 1744
f 1727 1744 1743
f 1728 1729 1745
f 1728 1745 1744
f 1729 1730 1746
f 1729 1746 1745
f 1730 1731 1747
f 1730 1747 1746
f 1731 1732 1748
f 1731 1748 1747
f 1732 1717 1733
f 1732 1733 1748
f 1733 1734 1750
f 1733 1750 1749
f 1734 1735 1751
f 1734 1751 1750
f 1735 1736 1752
f 1735 1752 1751
f 1736 1737 1753
f 1736 1753 1752
f 1737 1738 1754
f 1737 1754 1753
f 1738 1739 1755
f 1738 1755 1754
f 1739 1740 1756
f 1739 1756 1755
f 1740 1741 1757
f 1740 1757 1756
f 1741 1742 1758
f 1741 1758 1757
f 1742 1743 1759
f 1742 1759 1758
f 1743 1744 1760
f 1743 1760 1759
f 1744 1745 1761
f 1744 1761 1760
f 1745 1746 1762
f 1745 1762 1761
f 1746 1747 1763
f 1746 1763 1762
f 1747 1748 1764
f 1747 1764 1763
f 1748 1733 1749
f 1748 1749 1764
f 1749 1750 1766
f 1749 1766 1765
f 1750 1751 1767
f 1750 1767 1766
f 1751 1752 1768
f 1751 1768 1767
f 1752 1753 1769
f 1752 1769 1768
f 1753 1754 1770
f 1753 1770 1769
f 1754 1755 1771
f 1754 1771 1770
f 1755 1756 1772
f 1755 1772 1771
f 1756 1757 1773
f 1756 1773 1772
f 1757 1758 1774
f 1757 1774 1773
f 1758 1759 1775
f 1758 1775 1774
f 1759 1760 1776
f 1759 1776 1775
f 1760 1761 1777
f 1760 1777 1776
f 1761 1762 1778
f 1761 1778 1777
f 1762 1763 1779
f 1762 1779 1778
f 1763 1764 1780
f 1763 1780 1779
f 1764 1749 1765
f 1764 1765 1780
o Blush_L
usemtl pink
v -0.680000 -0.390000 2.940000
v -0.680000 -0.390000 2.940000
v -0.680000 -0.390000 2.940000
v -0.680000 -0.390000 2.940000
v -0.680000 -0.390000 2.940000
v -0.680000 -0.390000 2.940000
v -0.680000 -0.390000 2.940000
v -0.680000 -0.390000 2.940000
v -0.680000 -0.390000 2.940000
v -0.680000 -0.390000 2.940000
v -0.680000 -0.390000 2.940000
v -0.680000 -0.390000 2.940000
v -0.680000 -0.390000 2.940000
v -0.680000 -0.390000 2.940000
v -0.680000 -0.390000 2.940000
v -0.680000 -0.390000 2.940000
v -0.633647 -0.390000 2.936574
v -0.637176 -0.387871 2.936574
v -0.647224 -0.386067 2.936574
v -0.662262 -0.384861 2.936574
v -0.680000 -0.384438 2.936574
v -0.697738 -0.384861 2.936574
v -0.712776 -0.386067 2.936574
v -0.722824 -0.387871 2.936574
v -0.726353 -0.390000 2.936574
v -0.722824 -0.392129 2.936574
v -0.712776 -0.393933 2.936574
v -0.697738 -0.395139 2.936574
v -0.680000 -0.395562 2.936574
v -0.662262 -0.395139 2.936574
v -0.647224 -0.393933 2.936574
v -0.637176 -0.392129 2.936574
v -0.591832 -0.390000 2.926631
v -0.598544 -0.385951 2.926631
v -0.617656 -0.382519 2.926631
v -0.646260 -0.380225 2.926631
v -0.680000 -0.379420 2.926631
v -0.713740 -0.380225 2.926631
v -0.742344 -0.382519 2.926631
v -0.761456 -0.385951 2.926631
v -0.768168 -0.390000 2.926631
v -0.761456 -0.394049 2.926631
v -0.742344 -0.397481 2.926631
v -0.713740 -0.399775 2.926631
v -0.680000 -0.400580 2.926631
v -0.646260 -0.399775 2.926631
v -0.617656 -0.397481 2.926631
v -0.598544 -0.394049 2.926631
v -0.558647 -0.390000 2.911145
v -0.567885 -0.384427 2.911145
v -0.594191 -0.379703 2.911145
v -0.633560 -0.376546 2.911145
v -0.680000 -0.375438 2.911145
v -0.726440 -0.376546 2.911145
v -0.765809 -0.379703 2.911145
v -0.792115 -0.384427 2.911145
v -0.801353 -0.390000 2.911145
v -0.792115 -0.395573 2.911145
v -0.765809 -0.400297 2.911145
v -0.726440 -0.403454 2.911145
v -0.680000 -0.404562 2.911145
v -0.633560 -0.403454 2.911145
v -0.594191 -0.400297 2.911145
v -0.567885 -0.395573 2.911145
v -0.537342 -0.390000 2.891631
v -0.548201 -0.383449 2.891631
v -0.579125 -0.377895 2.891631
v -0.625407 -0.374184 2.891631
v -0.680000 -0.372881 2.891631
v -0.734593 -0.374184 2.891631
v -0.780875 -0.377895 2.891631
v -0.811799 -0.383449 2.891631
v -0.822658 -0.390000 2.891631
v -0.811799 -0.396551 2.891631
v -0.780875 -0.402105 2.891631
v -0.734593 -0.405816 2.891631
v -0.680000 -0.407119 2.891631
v -0.625407 -0.405816 2.891631
v -0.579125 -0.402105 2.891631
v -0.548201 -0.396551 2.891631
v -0.530000 -0.390000 2.870000
v -0.541418 -0.383112 2.870000
v -0.573934 -0.377272 2.870000
v -0.622597 -0.373370 2.870000
v -0.680000 -0.372000 2.870000
v -0.737403 -0.373370 2.870000
v -0.786066 -0.377272 2.870000
v -0.818582 -0.383112 2.870000
v -0.830000 -0.390000 2.870000
v -0.818582 -0.396888 2.870000
v -0.786066 -0.402728 2.870000
v -0.737403 -0.406630 2.870000
v -0.680000 -0.408000 2.870000
v -0.622597 -0.406630 2.870000
v -0.573934 -0.402728 2.870000
v -0.541418 -0.396888 2.870000
v -0.537342 -0.390000 2.848369
v -0.548201 -0.383449 2.848369
v -0.579125 -0.377895 2.848369
v -0.625407 -0.374184 2.848369
v -0.680000 -0.372881 2.848369
v -0.734593 -0.374184 2.848369
v -0.780875 -0.377895 2.848369
v -0.811799 -0.383449 2.848369
v -0.822658 -0.390000 2.848369
v -0.811799 -0.396551 2.848369
v -0.780875 -0.402105 2.848369
v -0.734593 -0.405816 2.848369
v -0.680000 -0.407119 2.848369
v -0.625407 -0.405816 2.848369
v -0.579125 -0.402105 2.848369
v -0.548201 -0.396551 2.848369
v -0.558647 -0.390000 2.828855
v -0.567885 -0.384427 2.828855
v -0.594191 -0.379703 2.828855
v -0.633560 -0.376546 2.828855
v -0.680000 -0.375438 2.828855
v -0.726440 -0.376546 2.828855
v -0.765809 -0.379703 2.828855
v -0.792115 -0.384427 2.828855
v -0.801353 -0.390000 2.828855
v -0.792115 -0.395573 2.828855
v -0.765809 -0.400297 2.828855
v -0.726440 -0.403454 2.828855
v -0.680000 -0.404562 2.828855
v -0.633560 -0.403454 2.828855
v -0.594191 -0.400297 2.828855
v -0.567885 -0.395573 2.828855
v -0.591832 -0.390000 2.813369
v -0.598544 -0.385951 2.813369
v -0.617656 -0.382519 2.813369
v -0.646260 -0.380225 2.813369
v -0.680000 -0.379420 2.813369
v -0.713740 -0.380225 2.813369
v -0.742344 -0.382519 2.813369
v -0.761456 -0.385951 2.813369
v -0.768168 -0.390000 2.813369
v -0.761456 -0.394049 2.813369
v -0.742344 -0.397481 2.813369
v -0.713740 -0.399775 2.813369
v -0.680000 -0.400580 2.813369
v -0.646260 -0.399775 2.813369
v -0.617656 -0.397481 2.813369
v -0.598544 -0.394049 2.813369
v -0.633647 -0.390000 2.803426
v -0.637176 -0.387871 2.803426
v -0.647224 -0.386067 2.803426
v -0.662262 -0.384861 2.803426
v -0.680000 -0.384438 2.803426
v -0.697738 -0.384861 2.803426
v -0.712776 -0.386067 2.803426
v -0.722824 -0.387871 2.803426
v -0.726353 -0.390000 2.803426
v -0.722824 -0.392129 2.803426
v -0.712776 -0.393933 2.803426
v -0.697738 -0.395139 2.803426
v -0.680000 -0.395562 2.803426
v -0.662262 -0.395139 2.803426
v -0.647224 -0.393933 2.803426
v -0.637176 -0.392129 2.803426
v -0.680000 -0.390000 2.800000
v -0.680000 -0.390000 2.800000
v -0.680000 -0.390000 2.800000
v -0.680000 -0.390000 2.800000
v -0.680000 -0.390000 2.800000
v -0.680000 -0.390000 2.800000
v -0.680000 -0.390000 2.800000
v -0.680000 -0.390000 2.800000
v -0.680000 -0.390000 2.800000
v -0.680000 -0.390000 2.800000
v -0.680000 -0.390000 2.800000
v -0.680000 -0.390000 2.800000
v -0.680000 -0.390000 2.800000
v -0.680000 -0.390000 2.800000
v -0.680000 -0.390000 2.800000
v -0.680000 -0.390000 2.800000
f 1781 1782 1798
f 1781 1798 1797
f 1782 1783 1799
f 1782 1799 1798
f 1783 1784 1800
f 1783 1800 1799
f 1784 1785 1801
f 1784 1801 1800
f 1785 1786 1802
f 1785 1802 1801
f 1786 1787 1803
f 1786 1803 1802
f 1787 1788 1804
f 1787 1804 1803
f 1788 1789 1805
f 1788 1805 1804
f 1789 1790 1806
f 1789 1806 1805
f 1790 1791 1807
f 1790 1807 1806
f 1791 1792 1808
f 1791 1808 1807
f 1792 1793 1809
f 1792 1809 1808
f 1793 1794 1810
f 1793 1810 1809
f 1794 1795 1811
f 1794 1811 1810
f 1795 1796 1812
f 1795 1812 1811
f 1796 1781 1797
f 1796 1797 1812
f 1797 1798 1814
f 1797 1814 1813
f 1798 1799 1815
f 1798 1815 1814
f 1799 1800 1816
f 1799 1816 1815
f 1800 1801 1817
f 1800 1817 1816
f 1801 1802 1818
f 1801 1818 1817
f 1802 1803 1819
f 1802 1819 1818
f 1803 1804 1820
f 1803 1820 1819
f 1804 1805 1821
f 1804 1821 1820
f 1805 1806 1822
f 1805 1822 1821
f 1806 1807 1823
f 1806 1823 1822
f 1807 1808 1824
f 1807 1824 1823
f 1808 1809 1825
f 1808 1825 1824
f 1809 1810 1826
f 1809 1826 1825
f 1810 1811 1827
f 1810 1827 1826
f 1811 1812 1828
f 1811 1828 1827
f 1812 1797 1813
f 1812 1813 1828
f 1813 1814 1830
f 1813 1830 1829
f 1814 1815 1831
f 1814 1831 1830
f 1815 1816 1832
f 1815 1832 1831
f 1816 1817 1833
f 1816 1833 1832
f 1817 1818 1834
f 1817 1834 1833
f 1818 1819 1835
f 1818 1835 1834
f 1819 1820 1836
f 1819 1836 1835
f 1820 1821 1837
f 1820 1837 1836
f 1821 1822 1838
f 1821 1838 1837
f 1822 1823 1839
f 1822 1839 1838
f 1823 1824 1840
f 1823 1840 1839
f 1824 1825 1841
f 1824 1841 1840
f 1825 1826 1842
f 1825 1842 1841
f 1826 1827 1843
f 1826 1843 1842
f 1827 1828 1844
f 1827 1844 1843
f 1828 1813 1829
f 1828 1829 1844
f 1829 1830 1846
f 1829 1846 1845
f 1830 1831 1847
f 1830 1847 1846
f 1831 1832 1848
f 1831 1848 1847
f 1832 1833 1849
f 1832 1849 1848
f 1833 1834 1850
f 1833 1850 1849
f 1834 1835 1851
f 1834 1851 1850
f 1835 1836 1852
f 1835 1852 1851
f 1836 1837 1853
f 1836 1853 1852
f 1837 1838 1854
f 1837 1854 1853
f 1838 1839 1855
f 1838 1855 1854
f 1839 1840 1856
f 1839 1856 1855
f 1840 1841 1857
f 1840 1857 1856
f 1841 1842 1858
f 1841 1858 1857
f 1842 1843 1859
f 1842 1859 1858
f 1843 1844 1860
f 1843 1860 1859
f 1844 1829 1845
f 1844 1845 1860
f 1845 1846 1862
f 1845 1862 1861
f 1846 1847 1863
f 1846 1863 1862
f 1847 1848 1864
f 1847 1864 1863
f 1848 1849 1865
f 1848 1865 1864
f 1849 1850 1866
f 1849 1866 1865
f 1850 1851 1867
f 1850 1867 1866
f 1851 1852 1868
f 1851 1868 1867
f 1852 1853 1869
f 1852 1869 1868
f 1853 1854 1870
f 1853 1870 1869
f 1854 1855 1871
f 1854 1871 1870
f 1855 1856 1872
f 1855 1872 1871
f 1856 1857 1873
f 1856 1873 1872
f 1857 1858 1874
f 1857 1874 1873
f 1858 1859 1875
f 1858 1875 1874
f 1859 1860 1876
f 1859 1876 1875
f 1860 1845 1861
f 1860 1861 1876
f 1861 1862 1878
f 1861 1878 1877
f 1862 1863 1879
f 1862 1879 1878
f 1863 1864 1880
f 1863 1880 1879
f 1864 1865 1881
f 1864 1881 1880
f 1865 1866 1882
f 1865 1882 1881
f 1866 1867 1883
f 1866 1883 1882
f 1867 1868 1884
f 1867 1884 1883
f 1868 1869 1885
f 1868 1885 1884
f 1869 1870 1886
f 1869 1886 1885
f 1870 1871 1887
f 1870 1887 1886
f 1871 1872 1888
f 1871 1888 1887
f 1872 1873 1889
f 1872 1889 1888
f 1873 1874 1890
f 1873 1890 1889
f 1874 1875 1891
f 1874 1891 1890
f 1875 1876 1892
f 1875 1892 1891
f 1876 1861 1877
f 1876 1877 1892
f 1877 1878 1894
f 1877 1894 1893
f 1878 1879 1895
f 1878 1895 1894
f 1879 1880 1896
f 1879 1896 1895
f 1880 1881 1897
f 1880 1897 1896
f 1881 1882 1898
f 1881 1898 1897
f 1882 1883 1899
f 1882 1899 1898
f 1883 1884 1900
f 1883 1900 1899
f 1884 1885 1901
f 1884 1901 1900
f 1885 1886 1902
f 1885 1902 1901
f 1886 1887 1903
f 1886 1903 1902
f 1887 1888 1904
f 1887 1904 1903
f 1888 1889 1905
f 1888 1905 1904
f 1889 1890 1906
f 1889 1906 1905
f 1890 1891 1907
f 1890 1907 1906
f 1891 1892 1908
f 1891 1908 1907
f 1892 1877 1893
f 1892 1893 1908
f 1893 1894 1910
f 1893 1910 1909
f 1894 1895 1911
f 1894 1911 1910
f 1895 1896 1912
f 1895 1912 1911
f 1896 1897 1913
f 1896 1913 1912
f 1897 1898 1914
f 1897 1914 1913
f 1898 1899 1915
f 1898 1915 1914
f 1899 1900 1916
f 1899 1916 1915
f 1900 1901 1917
f 1900 1917 1916
f 1901 1902 1918
f 1901 1918 1917
f 1902 1903 1919
f 1902 1919 1918
f 1903 1904 1920
f 1903 1920 1919
f 1904 1905 1921
f 1904 1921 1920
f 1905 1906 1922
f 1905 1922 1921
f 1906 1907 1923
f 1906 1923 1922
f 1907 1908 1924
f 1907 1924 1923
f 1908 1893 1909
f 1908 1909 1924
f 1909 1910 1926
f 1909 1926 1925
f 1910 1911 1927
f 1910 1927 1926
f 1911 1912 1928
f 1911 1928 1927
f 1912 1913 1929
f 1912 1929 1928
f 1913 1914 1930
f 1913 1930 1929
f 1914 1915 1931
f 1914 1931 1930
f 1915 1916 1932
f 1915 1932 1931
f 1916 1917 1933
f 1916 1933 1932
f 1917 1918 1934
f 1917 1934 1933
f 1918 1919 1935
f 1918 1935 1934
f 1919 1920 1936
f 1919 1936 1935
f 1920 1921 1937
f 1920 1937 1936
f 1921 1922 1938
f 1921 1938 1937
f 1922 1923 1939
f 1922 1939 1938
f 1923 1924 1940
f 1923 1940 1939
f 1924 1909 1925
f 1924 1925 1940
f 1925 1926 1942
f 1925 1942 1941
f 1926 1927 1943
f 1926 1943 1942
f 1927 1928 1944
f 1927 1944 1943
f 1928 1929 1945
f 1928 1945 1944
f 1929 1930 1946
f 1929 1946 1945
f 1930 1931 1947
f 1930 1947 1946
f 1931 1932 1948
f 1931 1948 1947
f 1932 1933 1949
f 1932 1949 1948
f 1933 1934 1950
f 1933 1950 1949
f 1934 1935 1951
f 1934 1951 1950
f 1935 1936 1952
f 1935 1952 1951
f 1936 1937 1953
f 1936 1953 1952
f 1937 1938 1954
f 1937 1954 1953
f 1938 1939 1955
f 1938 1955 1954
f 1939 1940 1956
f 1939 1956 1955
f 1940 1925 1941
f 1940 1941 1956
o Blush_R
usemtl pink
v 0.680000 -0.390000 2.940000
v 0.680000 -0.390000 2.940000
v 0.680000 -0.390000 2.940000
v 0.680000 -0.390000 2.940000
v 0.680000 -0.390000 2.940000
v 0.680000 -0.390000 2.940000
v 0.680000 -0.390000 2.940000
v 0.680000 -0.390000 2.940000
v 0.680000 -0.390000 2.940000
v 0.680000 -0.390000 2.940000
v 0.680000 -0.390000 2.940000
v 0.680000 -0.390000 2.940000
v 0.680000 -0.390000 2.940000
v 0.680000 -0.390000 2.940000
v 0.680000 -0.390000 2.940000
v 0.680000 -0.390000 2.940000
v 0.726353 -0.390000 2.936574
v 0.722824 -0.387871 2.936574
v 0.712776 -0.386067 2.936574
v 0.697738 -0.384861 2.936574
v 0.680000 -0.384438 2.936574
v 0.662262 -0.384861 2.936574
v 0.647224 -0.386067 2.936574
v 0.637176 -0.387871 2.936574
v 0.633647 -0.390000 2.936574
v 0.637176 -0.392129 2.936574
v 0.647224 -0.393933 2.936574
v 0.662262 -0.395139 2.936574
v 0.680000 -0.395562 2.936574
v 0.697738 -0.395139 2.936574
v 0.712776 -0.393933 2.936574
v 0.722824 -0.392129 2.936574
v 0.768168 -0.390000 2.926631
v 0.761456 -0.385951 2.926631
v 0.742344 -0.382519 2.926631
v 0.713740 -0.380225 2.926631
v 0.680000 -0.379420 2.926631
v 0.646260 -0.380225 2.926631
v 0.617656 -0.382519 2.926631
v 0.598544 -0.385951 2.926631
v 0.591832 -0.390000 2.926631
v 0.598544 -0.394049 2.926631
v 0.617656 -0.397481 2.926631
v 0.646260 -0.399775 2.926631
v 0.680000 -0.400580 2.926631
v 0.713740 -0.399775 2.926631
v 0.742344 -0.397481 2.926631
v 0.761456 -0.394049 2.926631
v 0.801353 -0.390000 2.911145
v 0.792115 -0.384427 2.911145
v 0.765809 -0.379703 2.911145
v 0.726440 -0.376546 2.911145
v 0.680000 -0.375438 2.911145
v 0.633560 -0.376546 2.911145
v 0.594191 -0.379703 2.911145
v 0.567885 -0.384427 2.911145
v 0.558647 -0.390000 2.911145
v 0.567885 -0.395573 2.911145
v 0.594191 -0.400297 2.911145
v 0.633560 -0.403454 2.911145
v 0.680000 -0.404562 2.911145
v 0.726440 -0.403454 2.911145
v 0.765809 -0.400297 2.911145
v 0.792115 -0.395573 2.911145
v 0.822658 -0.390000 2.891631
v 0.811799 -0.383449 2.891631
v 0.780875 -0.377895 2.891631
v 0.734593 -0.374184 2.891631
v 0.680000 -0.372881 2.891631
v 0.625407 -0.374184 2.891631
v 0.579125 -0.377895 2.891631
v 0.548201 -0.383449 2.891631
v 0.537342 -0.390000 2.891631
v 0.548201 -0.396551 2.891631
v 0.579125 -0.402105 2.891631
v 0.625407 -0.405816 2.891631
v 0.680000 -0.407119 2.891631
v 0.734593 -0.405816 2.891631
v 0.780875 -0.402105 2.891631
v 0.811799 -0.396551 2.891631
v 0.830000 -0.390000 2.870000
v 0.818582 -0.383112 2.870000
v 0.786066 -0.377272 2.870000
v 0.737403 -0.373370 2.870000
v 0.680000 -0.372000 2.870000
v 0.622597 -0.373370 2.870000
v 0.573934 -0.377272 2.870000
v 0.541418 -0.383112 2.870000
v 0.530000 -0.390000 2.870000
v 0.541418 -0.396888 2.870000
v 0.573934 -0.402728 2.870000
v 0.622597 -0.406630 2.870000
v 0.680000 -0.408000 2.870000
v 0.737403 -0.406630 2.870000
v 0.786066 -0.402728 2.870000
v 0.818582 -0.396888 2.870000
v 0.822658 -0.390000 2.848369
v 0.811799 -0.383449 2.848369
v 0.780875 -0.377895 2.848369
v 0.734593 -0.374184 2.848369
v 0.680000 -0.372881 2.848369
v 0.625407 -0.374184 2.848369
v 0.579125 -0.377895 2.848369
v 0.548201 -0.383449 2.848369
v 0.537342 -0.390000 2.848369
v 0.548201 -0.396551 2.848369
v 0.579125 -0.402105 2.848369
v 0.625407 -0.405816 2.848369
v 0.680000 -0.407119 2.848369
v 0.734593 -0.405816 2.848369
v 0.780875 -0.402105 2.848369
v 0.811799 -0.396551 2.848369
v 0.801353 -0.390000 2.828855
v 0.792115 -0.384427 2.828855
v 0.765809 -0.379703 2.828855
v 0.726440 -0.376546 2.828855
v 0.680000 -0.375438 2.828855
v 0.633560 -0.376546 2.828855
v 0.594191 -0.379703 2.828855
v 0.567885 -0.384427 2.828855
v 0.558647 -0.390000 2.828855
v 0.567885 -0.395573 2.828855
v 0.594191 -0.400297 2.828855
v 0.633560 -0.403454 2.828855
v 0.680000 -0.404562 2.828855
v 0.726440 -0.403454 2.828855
v 0.765809 -0.400297 2.828855
v 0.792115 -0.395573 2.828855
v 0.768168 -0.390000 2.813369
v 0.761456 -0.385951 2.813369
v 0.742344 -0.382519 2.813369
v 0.713740 -0.380225 2.813369
v 0.680000 -0.379420 2.813369
v 0.646260 -0.380225 2.813369
v 0.617656 -0.382519 2.813369
v 0.598544 -0.385951 2.813369
v 0.591832 -0.390000 2.813369
v 0.598544 -0.394049 2.813369
v 0.617656 -0.397481 2.813369
v 0.646260 -0.399775 2.813369
v 0.680000 -0.400580 2.813369
v 0.713740 -0.399775 2.813369
v 0.742344 -0.397481 2.813369
v 0.761456 -0.394049 2.813369
v 0.726353 -0.390000 2.803426
v 0.722824 -0.387871 2.803426
v 0.712776 -0.386067 2.803426
v 0.697738 -0.384861 2.803426
v 0.680000 -0.384438 2.803426
v 0.662262 -0.384861 2.803426
v 0.647224 -0.386067 2.803426
v 0.637176 -0.387871 2.803426
v 0.633647 -0.390000 2.803426
v 0.637176 -0.392129 2.803426
v 0.647224 -0.393933 2.803426
v 0.662262 -0.395139 2.803426
v 0.680000 -0.395562 2.803426
v 0.697738 -0.395139 2.803426
v 0.712776 -0.393933 2.803426
v 0.722824 -0.392129 2.803426
v 0.680000 -0.390000 2.800000
v 0.680000 -0.390000 2.800000
v 0.680000 -0.390000 2.800000
v 0.680000 -0.390000 2.800000
v 0.680000 -0.390000 2.800000
v 0.680000 -0.390000 2.800000
v 0.680000 -0.390000 2.800000
v 0.680000 -0.390000 2.800000
v 0.680000 -0.390000 2.800000
v 0.680000 -0.390000 2.800000
v 0.680000 -0.390000 2.800000
v 0.680000 -0.390000 2.800000
v 0.680000 -0.390000 2.800000
v 0.680000 -0.390000 2.800000
v 0.680000 -0.390000 2.800000
v 0.680000 -0.390000 2.800000
f 1957 1958 1974
f 1957 1974 1973
f 1958 1959 1975
f 1958 1975 1974
f 1959 1960 1976
f 1959 1976 1975
f 1960 1961 1977
f 1960 1977 1976
f 1961 1962 1978
f 1961 1978 1977
f 1962 1963 1979
f 1962 1979 1978
f 1963 1964 1980
f 1963 1980 1979
f 1964 1965 1981
f 1964 1981 1980
f 1965 1966 1982
f 1965 1982 1981
f 1966 1967 1983
f 1966 1983 1982
f 1967 1968 1984
f 1967 1984 1983
f 1968 1969 1985
f 1968 1985 1984
f 1969 1970 1986
f 1969 1986 1985
f 1970 1971 1987
f 1970 1987 1986
f 1971 1972 1988
f 1971 1988 1987
f 1972 1957 1973
f 1972 1973 1988
f 1973 1974 1990
f 1973 1990 1989
f 1974 1975 1991
f 1974 1991 1990
f 1975 1976 1992
f 1975 1992 1991
f 1976 1977 1993
f 1976 1993 1992
f 1977 1978 1994
f 1977 1994 1993
f 1978 1979 1995
f 1978 1995 1994
f 1979 1980 1996
f 1979 1996 1995
f 1980 1981 1997
f 1980 1997 1996
f 1981 1982 1998
f 1981 1998 1997
f 1982 1983 1999
f 1982 1999 1998
f 1983 1984 2000
f 1983 2000 1999
f 1984 1985 2001
f 1984 2001 2000
f 1985 1986 2002
f 1985 2002 2001
f 1986 1987 2003
f 1986 2003 2002
f 1987 1988 2004
f 1987 2004 2003
f 1988 1973 1989
f 1988 1989 2004
f 1989 1990 2006
f 1989 2006 2005
f 1990 1991 2007
f 1990 2007 2006
f 1991 1992 2008
f 1991 2008 2007
f 1992 1993 2009
f 1992 2009 2008
f 1993 1994 2010
f 1993 2010 2009
f 1994 1995 2011
f 1994 2011 2010
f 1995 1996 2012
f 1995 2012 2011
f 1996 1997 2013
f 1996 2013 2012
f 1997 1998 2014
f 1997 2014 2013
f 1998 1999 2015
f 1998 2015 2014
f 1999 2000 2016
f 1999 2016 2015
f 2000 2001 2017
f 2000 2017 2016
f 2001 2002 2018
f 2001 2018 2017
f 2002 2003 2019
f 2002 2019 2018
f 2003 2004 2020
f 2003 2020 2019
f 2004 1989 2005
f 2004 2005 2020
f 2005 2006 2022
f 2005 2022 2021
f 2006 2007 2023
f 2006 2023 2022
f 2007 2008 2024
f 2007 2024 2023
f 2008 2009 2025
f 2008 2025 2024
f 2009 2010 2026
f 2009 2026 2025
f 2010 2011 2027
f 2010 2027 2026
f 2011 2012 2028
f 2011 2028 2027
f 2012 2013 2029
f 2012 2029 2028
f 2013 2014 2030
f 2013 2030 2029
f 2014 2015 2031
f 2014 2031 2030
f 2015 2016 2032
f 2015 2032 2031
f 2016 2017 2033
f 2016 2033 2032
f 2017 2018 2034
f 2017 2034 2033
f 2018 2019 2035
f 2018 2035 2034
f 2019 2020 2036
f 2019 2036 2035
f 2020 2005 2021
f 2020 2021 2036
f 2021 2022 2038
f 2021 2038 2037
f 2022 2023 2039
f 2022 2039 2038
f 2023 2024 2040
f 2023 2040 2039
f 2024 2025 2041
f 2024 2041 2040
f 2025 2026 2042
f 2025 2042 2041
f 2026 2027 2043
f 2026 2043 2042
f 2027 2028 2044
f 2027 2044 2043
f 2028 2029 2045
f 2028 2045 2044
f 2029 2030 2046
f 2029 2046 2045
f 2030 2031 2047
f 2030 2047 2046
f 2031 2032 2048
f 2031 2048 2047
f 2032 2033 2049
f 2032 2049 2048
f 2033 2034 2050
f 2033 2050 2049
f 2034 2035 2051
f 2034 2051 2050
f 2035 2036 2052
f 2035 2052 2051
f 2036 2021 2037
f 2036 2037 2052
f 2037 2038 2054
f 2037 2054 2053
f 2038 2039 2055
f 2038 2055 2054
f 2039 2040 2056
f 2039 2056 2055
f 2040 2041 2057
f 2040 2057 2056
f 2041 2042 2058
f 2041 2058 2057
f 2042 2043 2059
f 2042 2059 2058
f 2043 2044 2060
f 2043 2060 2059
f 2044 2045 2061
f 2044 2061 2060
f 2045 2046 2062
f 2045 2062 2061
f 2046 2047 2063
f 2046 2063 2062
f 2047 2048 2064
f 2047 2064 2063
f 2048 2049 2065
f 2048 2065 2064
f 2049 2050 2066
f 2049 2066 2065
f 2050 2051 2067
f 2050 2067 2066
f 2051 2052 2068
f 2051 2068 2067
f 2052 2037 2053
f 2052 2053 2068
f 2053 2054 2070
f 2053 2070 2069
f 2054 2055 2071
f 2054 2071 2070
f 2055 2056 2072
f 2055 2072 2071
f 2056 2057 2073
f 2056 2073 2072
f 2057 2058 2074
f 2057 2074 2073
f 2058 2059 2075
f 2058 2075 2074
f 2059 2060 2076
f 2059 2076 2075
f 2060 2061 2077
f 2060 2077 2076
f 2061 2062 2078
f 2061 2078 2077
f 2062 2063 2079
f 2062 2079 2078
f 2063 2064 2080
f 2063 2080 2079
f 2064 2065 2081
f 2064 2081 2080
f 2065 2066 2082
f 2065 2082 2081
f 2066 2067 2083
f 2066 2083 2082
f 2067 2068 2084
f 2067 2084 2083
f 2068 2053 2069
f 2068 2069 2084
f 2069 2070 2086
f 2069 2086 2085
f 2070 2071 2087
f 2070 2087 2086
f 2071 2072 2088
f 2071 2088 2087
f 2072 2073 2089
f 2072 2089 2088
f 2073 2074 2090
f 2073 2090 2089
f 2074 2075 2091
f 2074 2091 2090
f 2075 2076 2092
f 2075 2092 2091
f 2076 2077 2093
f 2076 2093 2092
f 2077 2078 2094
f 2077 2094 2093
f 2078 2079 2095
f 2078 2095 2094
f 2079 2080 2096
f 2079 2096 2095
f 2080 2081 2097
f 2080 2097 2096
f 2081 2082 2098
f 2081 2098 2097
f 2082 2083 2099
f 2082 2099 2098
f 2083 2084 2100
f 2083 2100 2099
f 2084 2069 2085
f 2084 2085 2100
f 2085 2086 2102
f 2085 2102 2101
f 2086 2087 2103
f 2086 2103 2102
f 2087 2088 2104
f 2087 2104 2103
f 2088 2089 2105
f 2088 2105 2104
f 2089 2090 2106
f 2089 2106 2105
f 2090 2091 2107
f 2090 2107 2106
f 2091 2092 2108
f 2091 2108 2107
f 2092 2093 2109
f 2092 2109 2108
f 2093 2094 2110
f 2093 2110 2109
f 2094 2095 2111
f 2094 2111 2110
f 2095 2096 2112
f 2095 2112 2111
f 2096 2097 2113
f 2096 2113 2112
f 2097 2098 2114
f 2097 2114 2113
f 2098 2099 2115
f 2098 2115 2114
f 2099 2100 2116
f 2099 2116 2115
f 2100 2085 2101
f 2100 2101 2116
f 2101 2102 2118
f 2101 2118 2117
f 2102 2103 2119
f 2102 2119 2118
f 2103 2104 2120
f 2103 2120 2119
f 2104 2105 2121
f 2104 2121 2120
f 2105 2106 2122
f 2105 2122 2121
f 2106 2107 2123
f 2106 2123 2122
f 2107 2108 2124
f 2107 2124 2123
f 2108 2109 2125
f 2108 2125 2124
f 2109 2110 2126
f 2109 2126 2125
f 2110 2111 2127
f 2110 2127 2126
f 2111 2112 2128
f 2111 2128 2127
f 2112 2113 2129
f 2112 2129 2128
f 2113 2114 2130
f 2113 2130 2129
f 2114 2115 2131
f 2114 2131 2130
f 2115 2116 2132
f 2115 2132 2131
f 2116 2101 2117
f 2116 2117 2132
o Ear_L
usemtl fur_gray
v -0.940000 -0.240000 3.770000
v -0.610000 -0.240000 4.720000
v -0.270000 -0.240000 3.910000
v -0.940000 0.300000 3.770000
v -0.610000 0.300000 4.720000
v -0.270000 0.300000 3.910000
f 2133 2134 2135
f 2138 2137 2136
f 2133 2136 2137
f 2133 2137 2134
f 2134 2137 2138
f 2134 2138 2135
f 2135 2138 2136
f 2135 2136 2133
o Ear_R
usemtl fur_gray
v 0.940000 -0.240000 3.770000
v 0.610000 -0.240000 4.720000
v 0.270000 -0.240000 3.910000
v 0.940000 0.300000 3.770000
v 0.610000 0.300000 4.720000
v 0.270000 0.300000 3.910000
f 2139 2140 2141
f 2144 2143 2142
f 2139 2142 2143
f 2139 2143 2140
f 2140 2143 2144
f 2140 2144 2141
f 2141 2144 2142
f 2141 2142 2139
o InnerEar_L
usemtl pink
v -0.820000 -0.275000 3.900000
v -0.610000 -0.275000 4.480000
v -0.400000 -0.275000 3.950000
v -0.820000 -0.240000 3.900000
v -0.610000 -0.240000 4.480000
v -0.400000 -0.240000 3.950000
f 2145 2146 2147
f 2150 2149 2148
f 2145 2148 2149
f 2145 2149 2146
f 2146 2149 2150
f 2146 2150 2147
f 2147 2150 2148
f 2147 2148 2145
o InnerEar_R
usemtl pink
v 0.820000 -0.275000 3.900000
v 0.610000 -0.275000 4.480000
v 0.400000 -0.275000 3.950000
v 0.820000 -0.240000 3.900000
v 0.610000 -0.240000 4.480000
v 0.400000 -0.240000 3.950000
f 2151 2152 2153
f 2156 2155 2154
f 2151 2154 2155
f 2151 2155 2152
f 2152 2155 2156
f 2152 2156 2153
f 2153 2156 2154
f 2153 2154 2151
o Tuft_L
usemtl fur_gray
v -0.280000 -0.200000 3.780000
v -0.060000 -0.200000 4.080000
v 0.030000 -0.200000 3.730000
v -0.280000 0.140000 3.780000
v -0.060000 0.140000 4.080000
v 0.030000 0.140000 3.730000
f 2157 2158 2159
f 2162 2161 2160
f 2157 2160 2161
f 2157 2161 2158
f 2158 2161 2162
f 2158 2162 2159
f 2159 2162 2160
f 2159 2160 2157
o Tuft_R
usemtl fur_gray
v -0.020000 -0.180000 3.760000
v 0.200000 -0.180000 4.030000
v 0.310000 -0.180000 3.700000
v -0.020000 0.140000 3.760000
v 0.200000 0.140000 4.030000
v 0.310000 0.140000 3.700000
f 2163 2164 2165
f 2168 2167 2166
f 2163 2166 2167
f 2163 2167 2164
f 2164 2167 2168
f 2164 2168 2165
f 2165 2168 2166
f 2165 2166 2163
o Tail
usemtl fur_gray
v 0.760000 0.240000 0.860000
v 1.120000 0.240000 0.980000
v 1.360000 0.240000 1.310000
v 1.440000 0.240000 1.680000
v 1.320000 0.240000 2.050000
v 1.120000 0.240000 2.200000
v 1.250000 0.240000 1.890000
v 1.200000 0.240000 1.520000
v 0.930000 0.240000 1.240000
v 0.560000 0.240000 1.180000
v 0.760000 0.780000 0.860000
v 1.120000 0.780000 0.980000
v 1.360000 0.780000 1.310000
v 1.440000 0.780000 1.680000
v 1.320000 0.780000 2.050000
v 1.120000 0.780000 2.200000
v 1.250000 0.780000 1.890000
v 1.200000 0.780000 1.520000
v 0.930000 0.780000 1.240000
v 0.560000 0.780000 1.180000
f 2178 2169 2170
f 2170 2171 2172
f 2170 2172 2173
f 2173 2174 2175
f 2173 2175 2176
f 2170 2173 2176
f 2170 2176 2177
f 2170 2177 2178
f 2180 2179 2188
f 2182 2181 2180
f 2183 2182 2180
f 2185 2184 2183
f 2186 2185 2183
f 2186 2183 2180
f 2187 2186 2180
f 2188 2187 2180
f 2169 2179 2180
f 2169 2180 2170
f 2170 2180 2181
f 2170 2181 2171
f 2171 2181 2182
f 2171 2182 2172
f 2172 2182 2183
f 2172 2183 2173
f 2173 2183 2184
f 2173 2184 2174
f 2174 2184 2185
f 2174 2185 2175
f 2175 2185 2186
f 2175 2186 2176
f 2176 2186 2187
f 2176 2187 2177
f 2177 2187 2188
f 2177 2188 2178
f 2178 2188 2179
f 2178 2179 2169